Store,StoreType,Assortment,CompetitionDistance,CompetitionOpenSinceMonth,CompetitionOpenSinceYear,Promo2,Promo2SinceWeek,Promo2SinceYear,PromoInterval
0,d,a,1120.0,5.0,2007.0,1,31.0,2013.0,"Jan,Apr,Jul,Oct"
1,c,a,1980.0,4.0,2009.0,1,45.0,2009.0,"Jan,Apr,Jul,Oct"
2,a,a,1060.0,5.0,2006.0,1,27.0,2011.0,"Feb,May,Aug,Nov"
3,d,c,7660.0,10.0,2000.0,1,37.0,2009.0,"Jan,Apr,Jul,Oct"
4,a,a,300.0,7.0,2000.0,1,40.0,2014.0,"Jan,Apr,Jul,Oct"
5,a,a,190.0,7.0,2011.0,1,40.0,2014.0,"Jan,Apr,Jul,Oct"
6,a,a,2090.0,5.0,2008.0,1,40.0,2014.0,"Jan,Apr,Jul,Oct"
7,a,a,50.0,11.0,2006.0,1,37.0,2009.0,"Jan,Apr,Jul,Oct"
8,a,c,2270.0,11.0,2005.0,1,35.0,2012.0,"Mar,Jun,Sept,Dec"
9,a,c,220.0,2.0,2002.0,1,37.0,2009.0,"Jan,Apr,Jul,Oct"
10,a,a,560.0,10.0,2014.0,1,10.0,2014.0,"Jan,Apr,Jul,Oct"
11,a,a,1060.0,5.0,2009.0,1,27.0,2011.0,"Jan,Apr,Jul,Oct"
12,a,a,540.0,4.0,2004.0,1,13.0,2010.0,"Jan,Apr,Jul,Oct"
13,d,a,2380.0,3.0,2013.0,1,40.0,2014.0,"Jan,Apr,Jul,Oct"
14,c,a,450.0,6.0,2011.0,1,22.0,2012.0,"Mar,Jun,Sept,Dec"
15,a,a,330.0,3.0,2008.0,1,37.0,2009.0,"Jan,Apr,Jul,Oct"
16,c,c,530.0,4.0,2005.0,1,35.0,2010.0,"Mar,Jun,Sept,Dec"
17,a,a,250.0,6.0,2007.0,1,14.0,2011.0,"Jan,Apr,Jul,Oct"
18,a,a,220.0,2.0,2002.0,1,37.0,2009.0,"Jan,Apr,Jul,Oct"
19,d,c,1860.0,9.0,2012.0,1,40.0,2012.0,"Jan,Apr,Jul,Oct"
20,a,a,620.0,9.0,2014.0,1,18.0,2014.0,"Feb,May,Aug,Nov"
21,d,c,9360.0,7.0,2013.0,1,22.0,2012.0,"Mar,Jun,Sept,Dec"
22,a,a,620.0,5.0,2014.0,1,13.0,2010.0,"Jan,Apr,Jul,Oct"
23,a,a,560.0,1.0,2011.0,1,37.0,2009.0,"Jan,Apr,Jul,Oct"
24,a,a,150.0,9.0,2008.0,1,40.0,2014.0,"Jan,Apr,Jul,Oct"
25,c,c,3700.0,6.0,2010.0,1,18.0,2010.0,"Feb,May,Aug,Nov"
26,c,c,530.0,4.0,2005.0,1,35.0,2010.0,"Mar,Jun,Sept,Dec"
27,a,a,2890.0,10.0,2003.0,1,10.0,2014.0,"Jan,Apr,Jul,Oct"
28,a,a,300.0,4.0,2011.0,1,13.0,2010.0,"Jan,Apr,Jul,Oct"
29,d,a,850.0,11.0,2012.0,1,18.0,2011.0,"Feb,May,Aug,Nov"
30,a,a,290.0,9.0,2006.0,1,13.0,2010.0,"Jan,Apr,Jul,Oct"
31,d,a,260.0,2.0,2012.0,1,37.0,2009.0,"Jan,Apr,Jul,Oct"
32,d,a,10310.0,4.0,2003.0,1,37.0,2009.0,"Jan,Apr,Jul,Oct"
33,d,c,3290.0,12.0,2014.0,1,35.0,2012.0,"Mar,Jun,Sept,Dec"
34,a,a,180.0,3.0,2006.0,1,31.0,2013.0,"Jan,Apr,Jul,Oct"
35,a,a,420.0,6.0,2012.0,1,40.0,2011.0,"Jan,Apr,Jul,Oct"
36,a,a,350.0,12.0,2012.0,1,22.0,2011.0,"Feb,May,Aug,Nov"
37,a,a,90.0,11.0,2012.0,1,14.0,2011.0,"Jan,Apr,Jul,Oct"
38,a,c,250.0,1.0,2005.0,1,5.0,2013.0,"Feb,May,Aug,Nov"
39,a,a,350.0,12.0,2012.0,1,5.0,2013.0,"Feb,May,Aug,Nov"
40,d,a,17280.0,10.0,2014.0,1,18.0,2011.0,"Feb,May,Aug,Nov"
41,a,a,460.0,11.0,2012.0,1,40.0,2014.0,"Jan,Apr,Jul,Oct"
42,a,a,290.0,9.0,2002.0,1,13.0,2010.0,"Jan,Apr,Jul,Oct"
43,a,c,80.0,1.0,2005.0,1,10.0,2014.0,"Mar,Jun,Sept,Dec"
44,a,a,40.0,3.0,2014.0,1,23.0,2015.0,"Mar,Jun,Sept,Dec"
45,a,a,1070.0,12.0,2012.0,1,13.0,2010.0,"Jan,Apr,Jul,Oct"
46,a,a,330.0,11.0,2008.0,1,5.0,2013.0,"Feb,May,Aug,Nov"
47,a,a,250.0,6.0,2007.0,1,39.0,2010.0,"Jan,Apr,Jul,Oct"
48,d,c,18640.0,9.0,2013.0,1,10.0,2014.0,"Mar,Jun,Sept,Dec"
49,a,a,180.0,11.0,2008.0,1,5.0,2013.0,"Feb,May,Aug,Nov"
50,a,a,2060.0,10.0,2008.0,1,45.0,2009.0,"Feb,May,Aug,Nov"
51,a,a,150.0,9.0,2008.0,1,1.0,2012.0,"Mar,Jun,Sept,Dec"
52,d,a,8650.0,7.0,2013.0,1,37.0,2009.0,"Jan,Apr,Jul,Oct"
53,a,c,170.0,2.0,2013.0,1,27.0,2012.0,"Jan,Apr,Jul,Oct"
54,a,a,460.0,11.0,2014.0,1,31.0,2013.0,"Feb,May,Aug,Nov"
55,d,c,1460.0,4.0,2014.0,1,31.0,2013.0,"Jan,Apr,Jul,Oct"
56,a,c,100.0,6.0,2007.0,1,18.0,2011.0,"Feb,May,Aug,Nov"
57,c,a,440.0,4.0,2002.0,1,14.0,2011.0,"Jan,Apr,Jul,Oct"
58,d,c,9910.0,12.0,2010.0,1,9.0,2011.0,"Mar,Jun,Sept,Dec"
59,d,a,2380.0,3.0,2013.0,1,40.0,2014.0,"Jan,Apr,Jul,Oct"
60,d,a,17280.0,10.0,2014.0,1,18.0,2011.0,"Feb,May,Aug,Nov"
61,a,c,250.0,9.0,2008.0,1,27.0,2012.0,"Jan,Apr,Jul,Oct"
62,a,a,90.0,7.0,2010.0,1,1.0,2012.0,"Jan,Apr,Jul,Oct"
63,d,c,4520.0,9.0,2010.0,1,31.0,2013.0,"Jan,Apr,Jul,Oct"
64,d,c,4520.0,9.0,2013.0,1,31.0,2013.0,"Jan,Apr,Jul,Oct"
65,a,a,2640.0,4.0,2011.0,1,22.0,2012.0,"Mar,Jun,Sept,Dec"
66,a,a,480.0,2.0,2005.0,1,31.0,2013.0,"Jan,Apr,Jul,Oct"
67,d,a,3900.0,4.0,2005.0,1,45.0,2009.0,"Feb,May,Aug,Nov"
68,a,a,150.0,9.0,2008.0,1,31.0,2013.0,"Feb,May,Aug,Nov"
69,a,a,3750.0,11.0,2001.0,1,35.0,2010.0,"Mar,Jun,Sept,Dec"
70,d,c,2770.0,6.0,2008.0,1,22.0,2011.0,"Jan,Apr,Jul,Oct"
71,d,c,970.0,7.0,2013.0,1,31.0,2013.0,"Feb,May,Aug,Nov"
72,a,a,250.0,4.0,2008.0,1,13.0,2010.0,"Jan,Apr,Jul,Oct"
73,a,a,40.0,2.0,2014.0,1,10.0,2014.0,"Mar,Jun,Sept,Dec"
74,d,a,10310.0,4.0,2003.0,1,37.0,2009.0,"Jan,Apr,Jul,Oct"
75,a,a,250.0,1.0,2008.0,1,5.0,2013.0,"Feb,May,Aug,Nov"
76,c,c,3700.0,6.0,2010.0,1,18.0,2010.0,"Feb,May,Aug,Nov"
77,a,a,1060.0,5.0,2009.0,1,27.0,2011.0,"Feb,May,Aug,Nov"
78,c,c,3890.0,11.0,2006.0,1,5.0,2013.0,"Feb,May,Aug,Nov"
79,a,c,2030.0,9.0,2012.0,1,18.0,2012.0,"Feb,May,Aug,Nov"
80,a,a,150.0,9.0,2008.0,1,31.0,2013.0,"Jan,Apr,Jul,Oct"
81,d,c,5840.0,7.0,2010.0,1,37.0,2009.0,"Jan,Apr,Jul,Oct"
82,d,a,2110.0,11.0,1995.0,1,40.0,2014.0,"Jan,Apr,Jul,Oct"
83,a,a,90.0,7.0,2012.0,1,31.0,2013.0,"Jan,Apr,Jul,Oct"
84,c,a,700.0,4.0,2009.0,1,14.0,2011.0,"Jan,Apr,Jul,Oct"
85,a,c,80.0,6.0,2005.0,1,10.0,2014.0,"Mar,Jun,Sept,Dec"
86,a,a,650.0,10.0,2006.0,1,37.0,2009.0,"Jan,Apr,Jul,Oct"
87,a,a,250.0,9.0,2005.0,1,13.0,2010.0,"Jan,Apr,Jul,Oct"
88,a,c,270.0,4.0,2013.0,1,14.0,2013.0,"Jan,Apr,Jul,Oct"
89,a,a,1640.0,6.0,2006.0,1,40.0,2011.0,"Jan,Apr,Jul,Oct"
90,a,a,2090.0,10.0,2012.0,1,40.0,2014.0,"Jan,Apr,Jul,Oct"
91,a,a,290.0,10.0,2011.0,1,13.0,2010.0,"Jan,Apr,Jul,Oct"
92,a,c,350.0,12.0,2011.0,1,22.0,2012.0,"Feb,May,Aug,Nov"
93,d,a,3900.0,4.0,2005.0,1,45.0,2009.0,"Feb,May,Aug,Nov"
94,d,c,1860.0,5.0,2015.0,1,40.0,2011.0,"Jan,Apr,Jul,Oct"
95,a,a,2640.0,4.0,2011.0,1,22.0,2012.0,"Mar,Jun,Sept,Dec"
96,d,c,2170.0,11.0,2008.0,1,5.0,2013.0,"Feb,May,Aug,Nov"
97,d,a,2380.0,3.0,2010.0,1,40.0,2014.0,"Jan,Apr,Jul,Oct"
98,d,a,17280.0,10.0,2014.0,1,18.0,2011.0,"Feb,May,Aug,Nov"
99,c,a,260.0,2.0,2012.0,1,40.0,2014.0,"Jan,Apr,Jul,Oct"
100,a,a,540.0,11.0,2012.0,1,35.0,2010.0,"Mar,Jun,Sept,Dec"
101,a,a,90.0,7.0,2010.0,1,14.0,2011.0,"Jan,Apr,Jul,Oct"
102,a,a,50.0,1.0,2005.0,1,31.0,2013.0,"Jan,Apr,Jul,Oct"
103,a,a,40.0,2.0,2014.0,1,10.0,2014.0,"Mar,Jun,Sept,Dec"
104,d,a,1120.0,11.0,2007.0,1,31.0,2013.0,"Jan,Apr,Jul,Oct"
105,a,a,180.0,3.0,2014.0,1,31.0,2013.0,"Feb,May,Aug,Nov"
106,d,a,17280.0,10.0,2009.0,1,18.0,2011.0,"Feb,May,Aug,Nov"
107,a,a,480.0,2.0,2005.0,1,27.0,2010.0,"Jan,Apr,Jul,Oct"
108,d,c,5840.0,7.0,2010.0,1,37.0,2009.0,"Jan,Apr,Jul,Oct"
109,a,a,330.0,11.0,2008.0,1,14.0,2011.0,"Jan,Apr,Jul,Oct"
110,a,a,70.0,7.0,2008.0,1,13.0,2010.0,"Jan,Apr,Jul,Oct"
111,d,a,510.0,7.0,2014.0,1,23.0,2015.0,"Mar,Jun,Sept,Dec"
112,a,a,110.0,11.0,2012.0,1,35.0,2011.0,"Mar,Jun,Sept,Dec"
113,d,c,15140.0,12.0,2006.0,1,37.0,2009.0,"Jan,Apr,Jul,Oct"
114,a,a,910.0,12.0,1995.0,1,37.0,2009.0,"Jan,Apr,Jul,Oct"
115,d,a,8650.0,7.0,2013.0,1,10.0,2014.0,"Jan,Apr,Jul,Oct"
116,d,a,2110.0,11.0,2008.0,1,40.0,2014.0,"Jan,Apr,Jul,Oct"
117,c,c,340.0,6.0,2003.0,1,40.0,2014.0,"Jan,Apr,Jul,Oct"
118,d,c,5840.0,7.0,2010.0,1,37.0,2009.0,"Jan,Apr,Jul,Oct"
119,d,c,330.0,3.0,2008.0,1,40.0,2012.0,"Jan,Apr,Jul,Oct"
120,d,c,15140.0,2.0,2002.0,1,37.0,2009.0,"Jan,Apr,Jul,Oct"
121,d,c,8250.0,10.0,2000.0,1,31.0,2009.0,"Jan,Apr,Jul,Oct"
122,c,a,450.0,6.0,2011.0,1,22.0,2012.0,"Mar,Jun,Sept,Dec"
123,a,a,300.0,5.0,2012.0,1,40.0,2014.0,"Jan,Apr,Jul,Oct"
124,a,a,390.0,2.0,2013.0,1,10.0,2014.0,"Jan,Apr,Jul,Oct"
125,d,c,3290.0,12.0,1999.0,1,35.0,2010.0,"Mar,Jun,Sept,Dec"
126,c,c,490.0,5.0,2007.0,1,1.0,2012.0,"Jan,Apr,Jul,Oct"
127,a,a,1100.0,6.0,2009.0,1,40.0,2014.0,"Jan,Apr,Jul,Oct"
128,a,c,2030.0,9.0,2012.0,1,18.0,2011.0,"Feb,May,Aug,Nov"
129,a,a,1100.0,6.0,2009.0,1,40.0,2014.0,"Jan,Apr,Jul,Oct"
130,a,a,180.0,11.0,2006.0,1,5.0,2013.0,"Feb,May,Aug,Nov"
131,a,a,150.0,11.0,2008.0,1,40.0,2014.0,"Jan,Apr,Jul,Oct"
132,d,c,2640.0,9.0,2012.0,1,39.0,2010.0,"Jan,Apr,Jul,Oct"
133,c,a,1270.0,9.0,2008.0,1,13.0,2010.0,"Jan,Apr,Jul,Oct"
134,d,a,2380.0,3.0,2008.0,1,40.0,2011.0,"Jan,Apr,Jul,Oct"
135,a,a,350.0,12.0,2007.0,1,13.0,2010.0,"Jan,Apr,Jul,Oct"
136,d,c,1090.0,7.0,2007.0,1,31.0,2013.0,"Feb,May,Aug,Nov"
137,a,a,290.0,10.0,2011.0,1,40.0,2011.0,"Jan,Apr,Jul,Oct"
138,d,a,19840.0,7.0,2009.0,1,14.0,2011.0,"Jan,Apr,Jul,Oct"
139,a,a,340.0,6.0,2003.0,1,40.0,2014.0,"Jan,Apr,Jul,Oct"
140,d,a,10310.0,4.0,2003.0,1,37.0,2009.0,"Jan,Apr,Jul,Oct"
141,a,a,250.0,6.0,2007.0,1,27.0,2012.0,"Jan,Apr,Jul,Oct"
142,d,c,3290.0,12.0,2002.0,1,48.0,2012.0,"Mar,Jun,Sept,Dec"
143,d,a,17280.0,10.0,2009.0,1,18.0,2011.0,"Feb,May,Aug,Nov"
144,d,a,11640.0,4.0,2005.0,1,22.0,2011.0,"Jan,Apr,Jul,Oct"
145,c,c,530.0,4.0,2005.0,1,35.0,2010.0,"Mar,Jun,Sept,Dec"
146,a,c,4590.0,3.0,2012.0,1,40.0,2011.0,"Jan,Apr,Jul,Oct"
147,c,a,230.0,10.0,2001.0,1,14.0,2011.0,"Jan,Apr,Jul,Oct"
148,d,a,300.0,4.0,2014.0,1,14.0,2011.0,"Jan,Apr,Jul,Oct"
149,d,a,5070.0,11.0,2007.0,1,18.0,2015.0,"Feb,May,Aug,Nov"
150,a,a,90.0,7.0,2012.0,1,31.0,2013.0,"Jan,Apr,Jul,Oct"
151,a,a,460.0,3.0,2012.0,1,40.0,2014.0,"Jan,Apr,Jul,Oct"
152,a,a,70.0,7.0,2005.0,1,13.0,2010.0,"Jan,Apr,Jul,Oct"
153,a,c,270.0,2.0,2013.0,1,37.0,2009.0,"Jan,Apr,Jul,Oct"
154,d,c,2770.0,6.0,2008.0,1,22.0,2011.0,"Jan,Apr,Jul,Oct"
155,d,a,2590.0,9.0,2012.0,1,13.0,2010.0,"Jan,Apr,Jul,Oct"
156,a,a,520.0,9.0,2005.0,1,13.0,2010.0,"Jan,Apr,Jul,Oct"
157,d,c,5650.0,9.0,2008.0,1,5.0,2013.0,"Feb,May,Aug,Nov"
158,a,c,490.0,5.0,2002.0,1,35.0,2010.0,"Mar,Jun,Sept,Dec"
159,a,a,1070.0,9.0,2009.0,1,13.0,2010.0,"Jan,Apr,Jul,Oct"
160,a,a,40.0,2.0,2014.0,1,37.0,2009.0,"Jan,Apr,Jul,Oct"
161,d,c,2770.0,6.0,2008.0,1,22.0,2011.0,"Jan,Apr,Jul,Oct"
162,a,a,2090.0,10.0,2012.0,1,40.0,2014.0,"Jan,Apr,Jul,Oct"
163,a,c,460.0,3.0,2014.0,1,13.0,2010.0,"Jan,Apr,Jul,Oct"
164,d,a,510.0,7.0,2014.0,1,35.0,2010.0,"Mar,Jun,Sept,Dec"
165,c,a,1700.0,1.0,2008.0,1,14.0,2011.0,"Jan,Apr,Jul,Oct"
166,d,c,15140.0,2.0,2002.0,1,37.0,2009.0,"Jan,Apr,Jul,Oct"
167,a,a,120.0,11.0,2009.0,1,1.0,2012.0,"Jan,Apr,Jul,Oct"
168,a,a,340.0,9.0,2012.0,1,18.0,2011.0,"Feb,May,Aug,Nov"
169,a,a,4140.0,9.0,2012.0,1,18.0,2011.0,"Feb,May,Aug,Nov"
170,a,a,1070.0,12.0,2012.0,1,13.0,2010.0,"Jan,Apr,Jul,Oct"
171,a,a,180.0,3.0,2006.0,1,5.0,2013.0,"Feb,May,Aug,Nov"
172,a,a,340.0,6.0,2003.0,1,40.0,2014.0,"Jan,Apr,Jul,Oct"
173,a,c,80.0,6.0,2005.0,1,10.0,2014.0,"Mar,Jun,Sept,Dec"
174,a,a,1200.0,10.0,2011.0,1,27.0,2012.0,"Jan,Apr,Jul,Oct"
175,a,a,250.0,9.0,2008.0,1,5.0,2013.0,"Feb,May,Aug,Nov"
176,c,a,1190.0,11.0,2012.0,1,36.0,2013.0,"Jan,Apr,Jul,Oct"
177,c,a,240.0,4.0,2008.0,1,14.0,2011.0,"Jan,Apr,Jul,Oct"
178,a,c,640.0,11.0,2013.0,1,9.0,2011.0,"Mar,Jun,Sept,Dec"
179,d,a,300.0,4.0,2014.0,1,14.0,2011.0,"Jan,Apr,Jul,Oct"
180,a,a,1640.0,6.0,2006.0,1,40.0,2011.0,"Jan,Apr,Jul,Oct"
181,d,a,3370.0,12.0,2014.0,1,40.0,2014.0,"Jan,Apr,Jul,Oct"
182,d,a,19840.0,7.0,2009.0,1,13.0,2010.0,"Jan,Apr,Jul,Oct"
183,a,a,300.0,7.0,2000.0,1,40.0,2014.0,"Jan,Apr,Jul,Oct"
184,a,a,40.0,8.0,2014.0,1,1.0,2014.0,"Jan,Apr,Jul,Oct"
185,c,a,550.0,10.0,1999.0,1,31.0,2013.0,"Jan,Apr,Jul,Oct"
186,a,a,580.0,2.0,2008.0,1,5.0,2013.0,"Feb,May,Aug,Nov"
187,a,c,350.0,8.0,2012.0,1,14.0,2011.0,"Jan,Apr,Jul,Oct"
188,d,c,2870.0,9.0,2012.0,1,35.0,2012.0,"Mar,Jun,Sept,Dec"
189,a,a,2060.0,9.0,2009.0,1,45.0,2009.0,"Feb,May,Aug,Nov"
190,d,a,1340.0,9.0,2006.0,1,5.0,2013.0,"Feb,May,Aug,Nov"
191,a,c,370.0,7.0,2007.0,1,14.0,2011.0,"Jan,Apr,Jul,Oct"
192,c,c,530.0,1.0,2005.0,1,35.0,2010.0,"Mar,Jun,Sept,Dec"
193,d,a,10310.0,4.0,2003.0,1,37.0,2009.0,"Jan,Apr,Jul,Oct"
194,d,a,8650.0,7.0,2013.0,1,10.0,2014.0,"Jan,Apr,Jul,Oct"
195,a,a,330.0,3.0,2008.0,1,14.0,2011.0,"Mar,Jun,Sept,Dec"
196,d,c,7170.0,8.0,2014.0,1,5.0,2013.0,"Feb,May,Aug,Nov"
197,a,a,220.0,2.0,2002.0,1,37.0,2009.0,"Jan,Apr,Jul,Oct"
198,a,a,1200.0,10.0,2014.0,1,31.0,2013.0,"Jan,Apr,Jul,Oct"
199,a,a,330.0,11.0,2007.0,1,5.0,2013.0,"Feb,May,Aug,Nov"
200,c,a,110.0,11.0,2012.0,1,40.0,2014.0,"Jan,Apr,Jul,Oct"
201,a,c,170.0,2.0,2013.0,1,27.0,2012.0,"Jan,Apr,Jul,Oct"
202,a,a,560.0,1.0,2011.0,1,40.0,2014.0,"Jan,Apr,Jul,Oct"
203,d,c,9910.0,12.0,2010.0,1,9.0,2011.0,"Mar,Jun,Sept,Dec"
204,a,a,390.0,2.0,2013.0,1,27.0,2013.0,"Jan,Apr,Jul,Oct"
205,a,a,290.0,9.0,2008.0,1,13.0,2010.0,"Jan,Apr,Jul,Oct"
206,a,a,330.0,3.0,2008.0,1,1.0,2012.0,"Mar,Jun,Sept,Dec"
207,a,a,330.0,12.0,2008.0,1,14.0,2011.0,"Jan,Apr,Jul,Oct"
208,a,a,180.0,3.0,2014.0,1,31.0,2013.0,"Jan,Apr,Jul,Oct"
209,d,c,330.0,3.0,2008.0,1,1.0,2012.0,"Jan,Apr,Jul,Oct"
210,c,a,2240.0,5.0,2013.0,1,14.0,2011.0,"Jan,Apr,Jul,Oct"
211,a,c,270.0,2.0,2013.0,1,14.0,2013.0,"Jan,Apr,Jul,Oct"
212,a,a,1060.0,5.0,2009.0,1,27.0,2011.0,"Feb,May,Aug,Nov"
213,c,a,230.0,6.0,2010.0,1,18.0,2010.0,"Feb,May,Aug,Nov"
214,a,a,300.0,7.0,2012.0,1,14.0,2011.0,"Jan,Apr,Jul,Oct"
215,d,c,7170.0,8.0,2014.0,1,5.0,2013.0,"Feb,May,Aug,Nov"
216,a,a,220.0,2.0,2002.0,1,37.0,2009.0,"Jan,Apr,Jul,Oct"
217,c,a,450.0,6.0,2011.0,1,48.0,2010.0,"Mar,Jun,Sept,Dec"
218,a,a,650.0,10.0,2006.0,1,37.0,2009.0,"Jan,Apr,Jul,Oct"
219,a,a,220.0,2.0,2002.0,1,37.0,2009.0,"Jan,Apr,Jul,Oct"
220,a,c,2270.0,11.0,2005.0,1,35.0,2012.0,"Mar,Jun,Sept,Dec"
221,a,a,190.0,7.0,2011.0,1,40.0,2011.0,"Jan,Apr,Jul,Oct"
222,d,a,3140.0,7.0,2013.0,1,14.0,2011.0,"Jan,Apr,Jul,Oct"
223,d,a,11640.0,4.0,2005.0,1,22.0,2011.0,"Jan,Apr,Jul,Oct"
224,a,c,270.0,8.0,2013.0,1,1.0,2012.0,"Jan,Apr,Jul,Oct"
225,a,a,220.0,2.0,2002.0,1,37.0,2009.0,"Jan,Apr,Jul,Oct"
226,a,c,4590.0,3.0,2000.0,1,40.0,2011.0,"Jan,Apr,Jul,Oct"
227,a,a,2890.0,12.0,2007.0,1,10.0,2014.0,"Mar,Jun,Sept,Dec"
228,b,a,60.0,6.0,2006.0,1,18.0,2011.0,"Feb,May,Aug,Nov"
229,d,a,850.0,11.0,2012.0,1,40.0,2014.0,"Jan,Apr,Jul,Oct"
230,c,c,380.0,5.0,2008.0,1,40.0,2012.0,"Mar,Jun,Sept,Dec"
231,d,c,970.0,7.0,2013.0,1,31.0,2013.0,"Feb,May,Aug,Nov"
232,a,a,190.0,6.0,2011.0,1,13.0,2010.0,"Jan,Apr,Jul,Oct"
233,a,a,2890.0,1.0,2007.0,1,10.0,2014.0,"Mar,Jun,Sept,Dec"
234,a,a,1640.0,6.0,2006.0,1,40.0,2011.0,"Jan,Apr,Jul,Oct"
235,a,a,1060.0,5.0,2009.0,1,27.0,2011.0,"Feb,May,Aug,Nov"
236,c,a,470.0,3.0,2007.0,1,1.0,2012.0,"Jan,Apr,Jul,Oct"
237,a,a,220.0,2.0,2002.0,1,37.0,2009.0,"Jan,Apr,Jul,Oct"
238,a,a,180.0,3.0,2014.0,1,31.0,2013.0,"Jan,Apr,Jul,Oct"
239,a,a,540.0,4.0,2004.0,1,13.0,2010.0,"Jan,Apr,Jul,Oct"
240,a,a,620.0,9.0,2014.0,1,18.0,2014.0,"Feb,May,Aug,Nov"
241,a,a,3750.0,11.0,2001.0,1,45.0,2009.0,"Feb,May,Aug,Nov"
242,a,a,650.0,7.0,2006.0,1,37.0,2009.0,"Jan,Apr,Jul,Oct"
243,a,a,120.0,12.0,2009.0,1,37.0,2009.0,"Jan,Apr,Jul,Oct"
244,c,c,3890.0,11.0,2006.0,1,5.0,2013.0,"Feb,May,Aug,Nov"
245,a,a,520.0,3.0,2009.0,1,13.0,2010.0,"Jan,Apr,Jul,Oct"
246,a,a,1200.0,10.0,2011.0,1,31.0,2015.0,"Jan,Apr,Jul,Oct"
247,c,a,470.0,3.0,2007.0,1,1.0,2012.0,"Jan,Apr,Jul,Oct"
248,a,a,650.0,11.0,2013.0,1,37.0,2009.0,"Jan,Apr,Jul,Oct"
249,a,a,150.0,3.0,2011.0,1,40.0,2014.0,"Jan,Apr,Jul,Oct"
250,a,a,250.0,10.0,2008.0,1,5.0,2013.0,"Feb,May,Aug,Nov"
251,d,c,15140.0,2.0,2002.0,1,37.0,2009.0,"Jan,Apr,Jul,Oct"
252,a,a,1200.0,9.0,2008.0,1,14.0,2011.0,"Jan,Apr,Jul,Oct"
253,a,a,1200.0,10.0,2008.0,1,40.0,2014.0,"Jan,Apr,Jul,Oct"
254,c,c,3330.0,7.0,2010.0,1,14.0,2011.0,"Jan,Apr,Jul,Oct"
255,d,c,17110.0,11.0,2005.0,1,5.0,2013.0,"Feb,May,Aug,Nov"
256,a,a,540.0,6.0,2011.0,1,35.0,2010.0,"Mar,Jun,Sept,Dec"
257,d,c,3290.0,12.0,2014.0,1,35.0,2010.0,"Mar,Jun,Sept,Dec"
258,a,a,1060.0,5.0,2009.0,1,27.0,2011.0,"Feb,May,Aug,Nov"
259,c,a,3850.0,11.0,2005.0,1,14.0,2011.0,"Jan,Apr,Jul,Oct"
260,a,a,180.0,11.0,2008.0,1,5.0,2013.0,"Feb,May,Aug,Nov"
261,d,c,3290.0,7.0,2014.0,1,35.0,2010.0,"Mar,Jun,Sept,Dec"
262,a,a,1200.0,9.0,2008.0,1,40.0,2014.0,"Jan,Apr,Jul,Oct"
263,a,a,310.0,5.0,2013.0,1,40.0,2014.0,"Jan,Apr,Jul,Oct"
264,a,a,340.0,10.0,2000.0,1,13.0,2010.0,"Jan,Apr,Jul,Oct"
265,a,c,490.0,11.0,2002.0,1,48.0,2011.0,"Mar,Jun,Sept,Dec"
266,a,c,600.0,11.0,1999.0,1,1.0,2012.0,"Jan,Apr,Jul,Oct"
267,d,c,1090.0,7.0,2010.0,1,1.0,2013.0,"Jan,Apr,Jul,Oct"
268,a,a,70.0,6.0,1990.0,1,13.0,2010.0,"Jan,Apr,Jul,Oct"
269,a,c,370.0,7.0,2012.0,1,22.0,2012.0,"Mar,Jun,Sept,Dec"
270,a,a,460.0,11.0,2012.0,1,40.0,2014.0,"Jan,Apr,Jul,Oct"
271,a,a,1200.0,10.0,2014.0,1,31.0,2013.0,"Jan,Apr,Jul,Oct"
272,a,a,620.0,10.0,2014.0,1,18.0,2014.0,"Feb,May,Aug,Nov"
273,d,c,9910.0,12.0,2010.0,1,9.0,2011.0,"Mar,Jun,Sept,Dec"
274,a,a,650.0,10.0,2006.0,1,18.0,2011.0,"Feb,May,Aug,Nov"
275,d,c,3840.0,10.0,2008.0,1,39.0,2010.0,"Feb,May,Aug,Nov"
276,a,c,350.0,3.0,2011.0,1,22.0,2012.0,"Feb,May,Aug,Nov"
277,a,a,50.0,12.0,2005.0,1,13.0,2010.0,"Jan,Apr,Jul,Oct"
278,d,a,8530.0,3.0,2013.0,1,37.0,2009.0,"Jan,Apr,Jul,Oct"
279,a,c,9720.0,8.0,2013.0,1,40.0,2012.0,"Jan,Apr,Jul,Oct"
280,d,c,1460.0,4.0,2014.0,1,31.0,2013.0,"Jan,Apr,Jul,Oct"
281,a,a,150.0,9.0,2008.0,1,40.0,2011.0,"Jan,Apr,Jul,Oct"
282,a,c,170.0,2.0,2013.0,1,27.0,2012.0,"Jan,Apr,Jul,Oct"
283,d,c,17110.0,3.0,2005.0,1,31.0,2009.0,"Jan,Apr,Jul,Oct"
284,d,a,4060.0,8.0,2012.0,1,18.0,2011.0,"Feb,May,Aug,Nov"
285,a,a,1420.0,10.0,2012.0,1,40.0,2014.0,"Jan,Apr,Jul,Oct"
286,a,c,11680.0,9.0,2011.0,1,31.0,2013.0,"Jan,Apr,Jul,Oct"
287,d,c,9360.0,7.0,2013.0,1,22.0,2012.0,"Mar,Jun,Sept,Dec"
288,a,c,350.0,12.0,2007.0,1,9.0,2011.0,"Feb,May,Aug,Nov"
289,a,a,40.0,8.0,2014.0,1,5.0,2014.0,"Jan,Apr,Jul,Oct"
290,a,c,250.0,6.0,2001.0,1,35.0,2012.0,"Mar,Jun,Sept,Dec"
291,a,c,2310.0,9.0,2013.0,1,13.0,2010.0,"Jan,Apr,Jul,Oct"
292,d,c,2770.0,6.0,2008.0,1,22.0,2011.0,"Jan,Apr,Jul,Oct"
293,a,c,410.0,4.0,2004.0,1,13.0,2010.0,"Jan,Apr,Jul,Oct"
294,d,c,18640.0,9.0,2013.0,1,10.0,2014.0,"Mar,Jun,Sept,Dec"
295,d,c,12480.0,3.0,2011.0,1,1.0,2012.0,"Jan,Apr,Jul,Oct"
296,a,a,290.0,9.0,2006.0,1,5.0,2013.0,"Feb,May,Aug,Nov"
297,a,c,460.0,3.0,2014.0,1,40.0,2011.0,"Jan,Apr,Jul,Oct"
298,d,a,8670.0,2.0,2002.0,1,14.0,2011.0,"Jan,Apr,Jul,Oct"
299,a,a,520.0,9.0,2005.0,1,37.0,2009.0,"Jan,Apr,Jul,Oct"
300,a,a,1200.0,10.0,2014.0,1,31.0,2013.0,"Jan,Apr,Jul,Oct"
301,d,c,15140.0,2.0,2002.0,1,37.0,2009.0,"Jan,Apr,Jul,Oct"
302,c,a,1700.0,1.0,2008.0,1,14.0,2011.0,"Jan,Apr,Jul,Oct"
303,d,a,2380.0,3.0,2010.0,1,14.0,2011.0,"Jan,Apr,Jul,Oct"
304,d,a,2110.0,11.0,1995.0,1,40.0,2014.0,"Jan,Apr,Jul,Oct"
305,a,a,70.0,11.0,2004.0,1,14.0,2011.0,"Jan,Apr,Jul,Oct"
306,a,a,460.0,11.0,2013.0,1,40.0,2014.0,"Jan,Apr,Jul,Oct"
307,a,a,330.0,11.0,2008.0,1,5.0,2013.0,"Feb,May,Aug,Nov"
308,d,c,6620.0,3.0,2012.0,1,10.0,2014.0,"Mar,Jun,Sept,Dec"
309,a,a,17500.0,8.0,2008.0,1,37.0,2009.0,"Mar,Jun,Sept,Dec"
310,c,c,2510.0,8.0,2009.0,1,27.0,2012.0,"Jan,Apr,Jul,Oct"
311,a,a,290.0,10.0,2011.0,1,40.0,2014.0,"Jan,Apr,Jul,Oct"
312,a,a,1060.0,5.0,2009.0,1,27.0,2011.0,"Feb,May,Aug,Nov"
313,d,c,2770.0,3.0,2008.0,1,40.0,2014.0,"Jan,Apr,Jul,Oct"
314,a,a,290.0,9.0,2002.0,1,13.0,2010.0,"Jan,Apr,Jul,Oct"
315,d,c,15140.0,2.0,2002.0,1,37.0,2009.0,"Jan,Apr,Jul,Oct"
316,a,a,520.0,9.0,2005.0,1,13.0,2010.0,"Jan,Apr,Jul,Oct"
317,a,c,2840.0,3.0,2010.0,1,14.0,2011.0,"Jan,Apr,Jul,Oct"
318,d,a,3370.0,12.0,2014.0,1,40.0,2014.0,"Jan,Apr,Jul,Oct"
319,d,c,2770.0,6.0,2008.0,1,22.0,2011.0,"Jan,Apr,Jul,Oct"
320,a,a,120.0,4.0,2009.0,1,37.0,2009.0,"Jan,Apr,Jul,Oct"
321,a,a,520.0,9.0,2005.0,1,13.0,2010.0,"Jan,Apr,Jul,Oct"
322,a,a,1060.0,5.0,2009.0,1,40.0,2011.0,"Jan,Apr,Jul,Oct"
323,a,c,170.0,2.0,2013.0,1,27.0,2011.0,"Jan,Apr,Jul,Oct"
324,a,a,4140.0,9.0,2012.0,1,18.0,2011.0,"Feb,May,Aug,Nov"
325,a,a,340.0,7.0,2003.0,1,40.0,2014.0,"Jan,Apr,Jul,Oct"
326,d,a,1340.0,10.0,2006.0,1,5.0,2013.0,"Feb,May,Aug,Nov"
327,d,a,11640.0,4.0,2005.0,1,22.0,2011.0,"Jan,Apr,Jul,Oct"
328,a,a,140.0,9.0,2005.0,1,13.0,2010.0,"Jan,Apr,Jul,Oct"
329,d,a,2380.0,3.0,2010.0,1,40.0,2014.0,"Jan,Apr,Jul,Oct"
330,d,a,2380.0,3.0,2014.0,1,40.0,2014.0,"Jan,Apr,Jul,Oct"
331,a,a,120.0,2.0,2014.0,1,37.0,2009.0,"Jan,Apr,Jul,Oct"
332,a,a,2090.0,12.0,2012.0,1,40.0,2014.0,"Jan,Apr,Jul,Oct"
333,c,a,3490.0,4.0,2011.0,1,22.0,2012.0,"Jan,Apr,Jul,Oct"
334,c,c,3700.0,6.0,2010.0,1,18.0,2010.0,"Feb,May,Aug,Nov"
335,a,a,180.0,3.0,2014.0,1,31.0,2013.0,"Jan,Apr,Jul,Oct"
336,d,a,2380.0,3.0,2010.0,1,40.0,2014.0,"Jan,Apr,Jul,Oct"
337,a,a,1070.0,10.0,2000.0,1,13.0,2010.0,"Jan,Apr,Jul,Oct"
338,c,c,490.0,5.0,2007.0,1,13.0,2010.0,"Jan,Apr,Jul,Oct"
339,c,a,14810.0,6.0,2012.0,1,14.0,2011.0,"Jan,Apr,Jul,Oct"
340,a,a,100.0,6.0,2007.0,1,31.0,2013.0,"Jan,Apr,Jul,Oct"
341,a,a,150.0,12.0,2007.0,1,10.0,2014.0,"Mar,Jun,Sept,Dec"
342,d,c,2180.0,9.0,2012.0,1,40.0,2011.0,"Jan,Apr,Jul,Oct"
343,d,c,15140.0,2.0,2002.0,1,37.0,2009.0,"Jan,Apr,Jul,Oct"
344,a,a,390.0,2.0,2013.0,1,10.0,2014.0,"Mar,Jun,Sept,Dec"
345,d,c,5840.0,7.0,2010.0,1,37.0,2009.0,"Jan,Apr,Jul,Oct"
346,a,c,270.0,10.0,2013.0,1,10.0,2013.0,"Mar,Jun,Sept,Dec"
347,a,c,4590.0,3.0,2000.0,1,40.0,2011.0,"Jan,Apr,Jul,Oct"
348,d,a,300.0,5.0,2014.0,1,40.0,2011.0,"Jan,Apr,Jul,Oct"
349,a,c,100.0,4.0,2014.0,1,31.0,2013.0,"Jan,Apr,Jul,Oct"
350,a,c,120.0,4.0,2009.0,1,1.0,2012.0,"Jan,Apr,Jul,Oct"
351,a,a,460.0,11.0,2012.0,1,40.0,2014.0,"Jan,Apr,Jul,Oct"
352,a,a,350.0,8.0,1999.0,1,14.0,2011.0,"Jan,Apr,Jul,Oct"
353,d,c,9360.0,7.0,2013.0,1,22.0,2012.0,"Mar,Jun,Sept,Dec"
354,a,c,370.0,7.0,2012.0,1,22.0,2012.0,"Mar,Jun,Sept,Dec"
355,d,c,15140.0,2.0,2002.0,1,37.0,2009.0,"Jan,Apr,Jul,Oct"
356,a,a,220.0,2.0,2002.0,1,37.0,2009.0,"Jan,Apr,Jul,Oct"
357,c,a,290.0,5.0,2008.0,1,40.0,2014.0,"Jan,Apr,Jul,Oct"
358,d,c,4520.0,2.0,2010.0,1,31.0,2013.0,"Jan,Apr,Jul,Oct"
359,d,c,9910.0,12.0,2005.0,1,9.0,2011.0,"Mar,Jun,Sept,Dec"
360,a,a,330.0,11.0,2008.0,1,5.0,2013.0,"Feb,May,Aug,Nov"
361,c,a,60.0,4.0,2006.0,1,13.0,2010.0,"Jan,Apr,Jul,Oct"
362,a,a,620.0,10.0,2014.0,1,18.0,2014.0,"Feb,May,Aug,Nov"
363,a,a,3750.0,11.0,2001.0,1,35.0,2010.0,"Mar,Jun,Sept,Dec"
364,a,a,340.0,9.0,2012.0,1,40.0,2012.0,"Jan,Apr,Jul,Oct"
365,a,a,70.0,11.0,2001.0,1,14.0,2011.0,"Jan,Apr,Jul,Oct"
366,a,a,70.0,11.0,2004.0,1,5.0,2013.0,"Feb,May,Aug,Nov"
367,a,a,650.0,9.0,2013.0,1,37.0,2009.0,"Jan,Apr,Jul,Oct"
368,d,c,8250.0,10.0,2000.0,1,48.0,2011.0,"Mar,Jun,Sept,Dec"
369,a,a,290.0,10.0,2011.0,1,40.0,2014.0,"Jan,Apr,Jul,Oct"
370,a,a,540.0,11.0,2012.0,1,35.0,2009.0,"Mar,Jun,Sept,Dec"
371,d,c,6300.0,10.0,2013.0,1,9.0,2011.0,"Feb,May,Aug,Nov"
372,a,c,50.0,8.0,2013.0,1,27.0,2011.0,"Jan,Apr,Jul,Oct"
373,a,a,390.0,2.0,2009.0,1,10.0,2014.0,"Jan,Apr,Jul,Oct"
374,a,a,1060.0,5.0,2009.0,1,27.0,2011.0,"Feb,May,Aug,Nov"
375,a,a,290.0,10.0,2011.0,1,13.0,2010.0,"Jan,Apr,Jul,Oct"
376,c,a,3490.0,4.0,2011.0,1,22.0,2012.0,"Jan,Apr,Jul,Oct"
377,a,a,290.0,10.0,2011.0,1,40.0,2014.0,"Jan,Apr,Jul,Oct"
378,d,a,3140.0,7.0,2013.0,1,14.0,2011.0,"Jan,Apr,Jul,Oct"
379,d,c,3290.0,12.0,2014.0,1,35.0,2010.0,"Mar,Jun,Sept,Dec"
380,d,c,330.0,9.0,2008.0,1,14.0,2011.0,"Jan,Apr,Jul,Oct"
381,d,a,3900.0,4.0,2005.0,1,45.0,2009.0,"Feb,May,Aug,Nov"
382,a,a,390.0,6.0,2009.0,1,27.0,2012.0,"Jan,Apr,Jul,Oct"
383,a,a,1060.0,5.0,2009.0,1,27.0,2011.0,"Feb,May,Aug,Nov"
384,a,a,330.0,11.0,2008.0,1,5.0,2013.0,"Feb,May,Aug,Nov"
385,a,a,3750.0,11.0,2001.0,1,5.0,2013.0,"Feb,May,Aug,Nov"
386,a,a,330.0,11.0,2008.0,1,5.0,2013.0,"Feb,May,Aug,Nov"
387,d,a,14300.0,3.0,2011.0,1,40.0,2014.0,"Jan,Apr,Jul,Oct"
388,a,a,560.0,10.0,2014.0,1,40.0,2014.0,"Jan,Apr,Jul,Oct"
389,a,c,70.0,6.0,1990.0,1,22.0,2012.0,"Mar,Jun,Sept,Dec"
390,a,a,1100.0,6.0,2015.0,1,40.0,2014.0,"Jan,Apr,Jul,Oct"
391,a,a,340.0,9.0,2012.0,1,40.0,2012.0,"Jan,Apr,Jul,Oct"
392,c,a,1980.0,4.0,2009.0,1,13.0,2010.0,"Jan,Apr,Jul,Oct"
393,a,c,2310.0,9.0,2011.0,1,13.0,2010.0,"Jan,Apr,Jul,Oct"
394,d,a,8650.0,7.0,2013.0,1,10.0,2014.0,"Jan,Apr,Jul,Oct"
395,a,a,650.0,6.0,2008.0,1,37.0,2009.0,"Jan,Apr,Jul,Oct"
396,a,a,1200.0,7.0,2008.0,1,44.0,2012.0,"Jan,Apr,Jul,Oct"
397,d,c,3840.0,10.0,2008.0,1,39.0,2010.0,"Feb,May,Aug,Nov"
398,a,a,330.0,11.0,2007.0,1,1.0,2012.0,"Jan,Apr,Jul,Oct"
399,d,a,11640.0,4.0,2005.0,1,22.0,2011.0,"Jan,Apr,Jul,Oct"
400,a,a,3750.0,11.0,2001.0,1,35.0,2010.0,"Mar,Jun,Sept,Dec"
401,a,c,5380.0,8.0,2015.0,1,5.0,2010.0,"Feb,May,Aug,Nov"
402,c,a,290.0,4.0,2006.0,1,13.0,2010.0,"Jan,Apr,Jul,Oct"
403,d,c,5870.0,4.0,2014.0,1,23.0,2015.0,"Mar,Jun,Sept,Dec"
404,d,a,3370.0,12.0,2014.0,1,40.0,2014.0,"Jan,Apr,Jul,Oct"
405,a,a,220.0,2.0,2002.0,1,37.0,2009.0,"Jan,Apr,Jul,Oct"
406,a,a,290.0,12.0,2006.0,1,40.0,2014.0,"Jan,Apr,Jul,Oct"
407,a,a,290.0,9.0,2006.0,1,5.0,2013.0,"Feb,May,Aug,Nov"
408,a,a,720.0,10.0,2014.0,1,18.0,2011.0,"Feb,May,Aug,Nov"
409,a,c,2840.0,3.0,2013.0,1,14.0,2011.0,"Jan,Apr,Jul,Oct"
410,d,c,15140.0,12.0,2006.0,1,37.0,2009.0,"Jan,Apr,Jul,Oct"
411,c,a,2240.0,9.0,2009.0,1,14.0,2011.0,"Jan,Apr,Jul,Oct"
412,a,a,1060.0,5.0,2009.0,1,27.0,2011.0,"Jan,Apr,Jul,Oct"
413,d,c,4520.0,2.0,2014.0,1,31.0,2013.0,"Jan,Apr,Jul,Oct"
414,a,a,40.0,8.0,2013.0,1,10.0,2014.0,"Mar,Jun,Sept,Dec"
415,d,c,3290.0,12.0,2014.0,1,18.0,2013.0,"Feb,May,Aug,Nov"
416,c,a,1270.0,9.0,2008.0,1,13.0,2010.0,"Jan,Apr,Jul,Oct"
417,d,a,17280.0,10.0,2009.0,1,18.0,2011.0,"Feb,May,Aug,Nov"
418,a,a,520.0,9.0,2005.0,1,13.0,2010.0,"Jan,Apr,Jul,Oct"
419,a,a,910.0,12.0,2014.0,1,37.0,2009.0,"Jan,Apr,Jul,Oct"
420,d,a,3140.0,7.0,2013.0,1,14.0,2011.0,"Jan,Apr,Jul,Oct"
421,d,c,15140.0,2.0,2002.0,1,37.0,2009.0,"Jan,Apr,Jul,Oct"
422,a,a,2890.0,4.0,2003.0,1,40.0,2014.0,"Jan,Apr,Jul,Oct"
423,c,a,440.0,4.0,2013.0,1,37.0,2009.0,"Jan,Apr,Jul,Oct"
424,d,c,7660.0,10.0,2000.0,1,37.0,2009.0,"Jan,Apr,Jul,Oct"
425,c,a,500.0,2.0,2010.0,1,37.0,2009.0,"Jan,Apr,Jul,Oct"
426,a,a,17500.0,4.0,2001.0,1,37.0,2009.0,"Mar,Jun,Sept,Dec"
427,d,c,6360.0,12.0,2010.0,1,40.0,2012.0,"Mar,Jun,Sept,Dec"
428,d,c,18010.0,9.0,2007.0,1,14.0,2011.0,"Jan,Apr,Jul,Oct"
429,a,a,70.0,11.0,2013.0,1,22.0,2012.0,"Mar,Jun,Sept,Dec"
430,b,c,13840.0,5.0,2010.0,1,14.0,2012.0,"Jan,Apr,Jul,Oct"
431,c,c,3890.0,11.0,2006.0,1,5.0,2013.0,"Feb,May,Aug,Nov"
432,a,c,460.0,11.0,2012.0,1,40.0,2014.0,"Jan,Apr,Jul,Oct"
433,a,a,330.0,11.0,2008.0,1,5.0,2013.0,"Feb,May,Aug,Nov"
434,a,c,360.0,3.0,2014.0,1,9.0,2011.0,"Mar,Jun,Sept,Dec"
435,a,c,220.0,2.0,2002.0,1,37.0,2009.0,"Jan,Apr,Jul,Oct"
436,a,a,250.0,6.0,2007.0,1,14.0,2011.0,"Jan,Apr,Jul,Oct"
437,a,a,390.0,6.0,2009.0,1,36.0,2013.0,"Mar,Jun,Sept,Dec"
438,d,c,6620.0,3.0,2012.0,1,10.0,2014.0,"Mar,Jun,Sept,Dec"
439,d,a,5070.0,7.0,2007.0,1,45.0,2009.0,"Jan,Apr,Jul,Oct"
440,d,a,300.0,11.0,2012.0,1,40.0,2014.0,"Jan,Apr,Jul,Oct"
441,a,c,350.0,12.0,2012.0,1,1.0,2012.0,"Jan,Apr,Jul,Oct"
442,a,a,330.0,11.0,2008.0,1,1.0,2012.0,"Mar,Jun,Sept,Dec"
443,d,c,7660.0,10.0,2000.0,1,37.0,2009.0,"Jan,Apr,Jul,Oct"
444,a,a,340.0,9.0,2012.0,1,40.0,2012.0,"Jan,Apr,Jul,Oct"
445,a,a,310.0,5.0,2013.0,1,40.0,2014.0,"Jan,Apr,Jul,Oct"
446,d,a,10310.0,4.0,2003.0,1,37.0,2009.0,"Jan,Apr,Jul,Oct"
447,a,a,190.0,7.0,2008.0,1,1.0,2012.0,"Feb,May,Aug,Nov"
448,a,c,4590.0,3.0,2000.0,1,37.0,2009.0,"Jan,Apr,Jul,Oct"
449,d,a,2380.0,3.0,2004.0,1,40.0,2014.0,"Jan,Apr,Jul,Oct"
450,c,c,4630.0,3.0,2011.0,1,35.0,2011.0,"Feb,May,Aug,Nov"
451,a,c,340.0,4.0,2007.0,1,13.0,2010.0,"Jan,Apr,Jul,Oct"
452,a,c,100.0,5.0,2007.0,1,36.0,2013.0,"Jan,Apr,Jul,Oct"
453,d,c,17110.0,3.0,2005.0,1,13.0,2010.0,"Jan,Apr,Jul,Oct"
454,a,a,520.0,9.0,2005.0,1,13.0,2010.0,"Jan,Apr,Jul,Oct"
455,a,a,340.0,4.0,2007.0,1,13.0,2010.0,"Jan,Apr,Jul,Oct"
456,d,c,3290.0,12.0,2014.0,1,5.0,2013.0,"Feb,May,Aug,Nov"
457,d,a,1120.0,5.0,2007.0,1,31.0,2013.0,"Jan,Apr,Jul,Oct"
458,a,a,180.0,3.0,2014.0,1,31.0,2013.0,"Jan,Apr,Jul,Oct"
459,a,c,250.0,9.0,2008.0,1,5.0,2013.0,"Feb,May,Aug,Nov"
460,a,a,420.0,3.0,2006.0,1,40.0,2011.0,"Jan,Apr,Jul,Oct"
461,d,c,4520.0,9.0,2010.0,1,31.0,2013.0,"Jan,Apr,Jul,Oct"
462,a,a,1420.0,10.0,2012.0,1,40.0,2014.0,"Jan,Apr,Jul,Oct"
463,d,c,4060.0,9.0,2012.0,1,13.0,2010.0,"Jan,Apr,Jul,Oct"
464,a,a,290.0,10.0,2011.0,1,40.0,2014.0,"Jan,Apr,Jul,Oct"
465,a,a,280.0,4.0,2008.0,1,37.0,2009.0,"Jan,Apr,Jul,Oct"
466,d,a,2380.0,3.0,2010.0,1,40.0,2014.0,"Jan,Apr,Jul,Oct"
467,a,a,1640.0,2.0,2013.0,1,40.0,2014.0,"Jan,Apr,Jul,Oct"
468,a,a,190.0,6.0,2008.0,1,13.0,2010.0,"Jan,Apr,Jul,Oct"
469,c,a,2460.0,1.0,2012.0,1,14.0,2011.0,"Jan,Apr,Jul,Oct"
470,d,a,1120.0,5.0,2007.0,1,31.0,2013.0,"Jan,Apr,Jul,Oct"
471,a,a,250.0,12.0,2001.0,1,13.0,2010.0,"Jan,Apr,Jul,Oct"
472,d,c,9360.0,7.0,2013.0,1,22.0,2012.0,"Mar,Jun,Sept,Dec"
473,a,a,50.0,11.0,2006.0,1,36.0,2013.0,"Jan,Apr,Jul,Oct"
474,a,a,290.0,9.0,2006.0,1,5.0,2013.0,"Feb,May,Aug,Nov"
475,a,a,2640.0,4.0,2008.0,1,37.0,2009.0,"Jan,Apr,Jul,Oct"
476,d,c,5650.0,9.0,2008.0,1,5.0,2013.0,"Feb,May,Aug,Nov"
477,c,a,190.0,9.0,2012.0,1,13.0,2010.0,"Jan,Apr,Jul,Oct"
478,c,a,40.0,3.0,2014.0,1,1.0,2014.0,"Jan,Apr,Jul,Oct"
479,d,a,8650.0,7.0,2013.0,1,10.0,2014.0,"Jan,Apr,Jul,Oct"
480,a,c,2840.0,6.0,2007.0,1,14.0,2011.0,"Jan,Apr,Jul,Oct"
481,d,a,2380.0,3.0,2010.0,1,40.0,2014.0,"Jan,Apr,Jul,Oct"
482,a,c,640.0,7.0,2013.0,1,9.0,2011.0,"Mar,Jun,Sept,Dec"
483,a,c,1060.0,5.0,2009.0,1,9.0,2011.0,"Feb,May,Aug,Nov"
484,a,a,460.0,10.0,2014.0,1,31.0,2013.0,"Feb,May,Aug,Nov"
485,d,a,5070.0,11.0,2007.0,1,18.0,2015.0,"Feb,May,Aug,Nov"
486,d,c,330.0,11.0,2008.0,1,5.0,2013.0,"Feb,May,Aug,Nov"
487,c,a,940.0,4.0,2004.0,1,14.0,2011.0,"Jan,Apr,Jul,Oct"
488,d,c,15140.0,2.0,2002.0,1,37.0,2009.0,"Jan,Apr,Jul,Oct"
489,a,a,290.0,9.0,2002.0,1,13.0,2010.0,"Jan,Apr,Jul,Oct"
490,a,a,390.0,2.0,2013.0,1,10.0,2014.0,"Jan,Apr,Jul,Oct"
491,d,c,8250.0,10.0,2000.0,1,31.0,2009.0,"Jan,Apr,Jul,Oct"
492,a,a,40.0,2.0,2014.0,1,10.0,2014.0,"Mar,Jun,Sept,Dec"
493,d,a,510.0,7.0,2014.0,1,31.0,2013.0,"Jan,Apr,Jul,Oct"
494,a,a,2890.0,4.0,2003.0,1,10.0,2014.0,"Mar,Jun,Sept,Dec"
495,c,c,1200.0,11.0,2008.0,1,40.0,2014.0,"Jan,Apr,Jul,Oct"
496,a,c,600.0,11.0,1999.0,1,10.0,2013.0,"Jan,Apr,Jul,Oct"
497,c,c,380.0,5.0,2008.0,1,10.0,2014.0,"Mar,Jun,Sept,Dec"
498,d,a,18610.0,3.0,2002.0,1,13.0,2010.0,"Jan,Apr,Jul,Oct"
499,a,a,150.0,3.0,2011.0,1,40.0,2014.0,"Jan,Apr,Jul,Oct"
500,c,a,2460.0,1.0,2012.0,1,14.0,2011.0,"Jan,Apr,Jul,Oct"
501,c,a,1600.0,6.0,2006.0,1,45.0,2009.0,"Feb,May,Aug,Nov"
502,a,a,250.0,9.0,2008.0,1,14.0,2011.0,"Jan,Apr,Jul,Oct"
503,a,a,1200.0,9.0,2008.0,1,40.0,2014.0,"Jan,Apr,Jul,Oct"
504,c,a,2460.0,1.0,2012.0,1,14.0,2011.0,"Jan,Apr,Jul,Oct"
505,d,c,3840.0,10.0,2008.0,1,39.0,2010.0,"Feb,May,Aug,Nov"
506,a,a,90.0,2.0,2012.0,1,14.0,2011.0,"Jan,Apr,Jul,Oct"
507,c,a,450.0,6.0,2011.0,1,48.0,2012.0,"Mar,Jun,Sept,Dec"
508,a,a,190.0,6.0,2008.0,1,40.0,2011.0,"Jan,Apr,Jul,Oct"
509,c,a,2740.0,5.0,2009.0,1,40.0,2014.0,"Jan,Apr,Jul,Oct"
510,a,a,250.0,6.0,2007.0,1,14.0,2011.0,"Jan,Apr,Jul,Oct"
511,a,a,1420.0,11.0,2007.0,1,10.0,2013.0,"Mar,Jun,Sept,Dec"
512,a,a,1420.0,10.0,2012.0,1,40.0,2014.0,"Jan,Apr,Jul,Oct"
513,d,a,17280.0,10.0,2009.0,1,18.0,2011.0,"Feb,May,Aug,Nov"
514,a,a,70.0,6.0,1990.0,1,13.0,2010.0,"Jan,Apr,Jul,Oct"
515,d,c,2770.0,3.0,2008.0,1,40.0,2014.0,"Jan,Apr,Jul,Oct"
516,d,a,510.0,7.0,2014.0,1,23.0,2015.0,"Mar,Jun,Sept,Dec"
517,a,c,250.0,6.0,2008.0,1,39.0,2010.0,"Jan,Apr,Jul,Oct"
518,a,a,460.0,3.0,2012.0,1,40.0,2014.0,"Jan,Apr,Jul,Oct"
519,d,a,11640.0,4.0,2005.0,1,22.0,2011.0,"Jan,Apr,Jul,Oct"
520,a,a,290.0,9.0,2002.0,1,13.0,2010.0,"Jan,Apr,Jul,Oct"
521,d,c,15140.0,2.0,2002.0,1,37.0,2009.0,"Jan,Apr,Jul,Oct"
522,d,a,2110.0,11.0,1995.0,1,40.0,2014.0,"Jan,Apr,Jul,Oct"
523,d,a,3140.0,7.0,2013.0,1,14.0,2011.0,"Jan,Apr,Jul,Oct"
524,a,a,1640.0,6.0,2006.0,1,40.0,2011.0,"Jan,Apr,Jul,Oct"
525,a,a,1070.0,5.0,2015.0,1,13.0,2010.0,"Jan,Apr,Jul,Oct"
526,d,a,2110.0,11.0,1995.0,1,40.0,2014.0,"Jan,Apr,Jul,Oct"
527,d,a,19840.0,7.0,2009.0,1,13.0,2010.0,"Jan,Apr,Jul,Oct"
528,d,c,7170.0,8.0,2014.0,1,5.0,2013.0,"Feb,May,Aug,Nov"
529,a,c,620.0,9.0,2014.0,1,23.0,2015.0,"Mar,Jun,Sept,Dec"
530,a,c,2270.0,11.0,2005.0,1,35.0,2012.0,"Mar,Jun,Sept,Dec"
531,a,a,1070.0,5.0,2015.0,1,13.0,2010.0,"Jan,Apr,Jul,Oct"
532,d,c,5650.0,3.0,2008.0,1,5.0,2013.0,"Feb,May,Aug,Nov"
533,a,a,620.0,10.0,2014.0,1,18.0,2014.0,"Feb,May,Aug,Nov"
534,c,c,3530.0,6.0,2012.0,1,35.0,2012.0,"Mar,Jun,Sept,Dec"
535,d,c,3290.0,12.0,2014.0,1,22.0,2012.0,"Feb,May,Aug,Nov"
536,d,c,6970.0,9.0,2005.0,1,22.0,2011.0,"Jan,Apr,Jul,Oct"
537,a,a,220.0,2.0,2002.0,1,37.0,2009.0,"Jan,Apr,Jul,Oct"
538,d,a,2380.0,3.0,2010.0,1,40.0,2014.0,"Jan,Apr,Jul,Oct"
539,a,a,250.0,7.0,2001.0,1,13.0,2010.0,"Jan,Apr,Jul,Oct"
540,a,c,410.0,11.0,2012.0,1,35.0,2012.0,"Mar,Jun,Sept,Dec"
541,a,a,330.0,11.0,2013.0,1,14.0,2011.0,"Jan,Apr,Jul,Oct"
542,a,a,3750.0,9.0,2001.0,1,45.0,2009.0,"Feb,May,Aug,Nov"
543,a,c,2270.0,5.0,2005.0,1,35.0,2012.0,"Mar,Jun,Sept,Dec"
544,a,a,1420.0,1.0,2007.0,1,10.0,2013.0,"Mar,Jun,Sept,Dec"
545,c,c,3530.0,8.0,2008.0,1,14.0,2011.0,"Jan,Apr,Jul,Oct"
546,a,c,250.0,9.0,2008.0,1,5.0,2013.0,"Feb,May,Aug,Nov"
547,a,c,11680.0,9.0,2011.0,1,31.0,2013.0,"Jan,Apr,Jul,Oct"
548,c,a,4030.0,2.0,2013.0,1,14.0,2011.0,"Jan,Apr,Jul,Oct"
549,a,c,2310.0,9.0,2011.0,1,13.0,2010.0,"Jan,Apr,Jul,Oct"
550,c,c,11470.0,10.0,2009.0,1,18.0,2014.0,"Jan,Apr,Jul,Oct"
551,c,c,3530.0,6.0,2012.0,1,35.0,2012.0,"Mar,Jun,Sept,Dec"
552,d,c,2770.0,3.0,2008.0,1,40.0,2014.0,"Jan,Apr,Jul,Oct"
553,a,a,150.0,9.0,2008.0,1,31.0,2013.0,"Feb,May,Aug,Nov"
554,d,a,510.0,7.0,2014.0,1,23.0,2015.0,"Mar,Jun,Sept,Dec"
555,a,a,17500.0,8.0,2008.0,1,37.0,2009.0,"Mar,Jun,Sept,Dec"
556,d,c,3840.0,10.0,2008.0,1,39.0,2010.0,"Feb,May,Aug,Nov"
557,a,a,250.0,6.0,2007.0,1,14.0,2011.0,"Jan,Apr,Jul,Oct"
558,a,c,460.0,11.0,2012.0,1,40.0,2014.0,"Jan,Apr,Jul,Oct"
559,c,a,440.0,4.0,2014.0,1,1.0,2013.0,"Jan,Apr,Jul,Oct"
560,a,a,2890.0,12.0,2007.0,1,10.0,2014.0,"Mar,Jun,Sept,Dec"
561,d,a,8650.0,7.0,2013.0,1,10.0,2014.0,"Jan,Apr,Jul,Oct"
562,a,c,11680.0,3.0,2011.0,1,31.0,2013.0,"Jan,Apr,Jul,Oct"
563,a,a,340.0,9.0,2012.0,1,13.0,2010.0,"Jan,Apr,Jul,Oct"
564,a,a,1060.0,5.0,2009.0,1,27.0,2011.0,"Feb,May,Aug,Nov"
565,a,a,110.0,11.0,2012.0,1,40.0,2014.0,"Jan,Apr,Jul,Oct"
566,d,c,18640.0,9.0,2013.0,1,10.0,2014.0,"Mar,Jun,Sept,Dec"
567,a,a,90.0,11.0,2012.0,1,31.0,2013.0,"Jan,Apr,Jul,Oct"
568,a,a,290.0,10.0,2006.0,1,36.0,2013.0,"Mar,Jun,Sept,Dec"
569,d,a,2930.0,12.0,2002.0,1,13.0,2010.0,"Jan,Apr,Jul,Oct"
570,a,a,2890.0,4.0,2003.0,1,40.0,2014.0,"Jan,Apr,Jul,Oct"
571,c,a,1200.0,9.0,2008.0,1,1.0,2012.0,"Jan,Apr,Jul,Oct"
572,a,a,70.0,7.0,2008.0,1,13.0,2010.0,"Jan,Apr,Jul,Oct"
573,a,a,1200.0,9.0,2008.0,1,40.0,2014.0,"Jan,Apr,Jul,Oct"
574,c,a,40.0,8.0,2001.0,1,1.0,2012.0,"Mar,Jun,Sept,Dec"
575,c,a,4030.0,2.0,2015.0,1,14.0,2011.0,"Jan,Apr,Jul,Oct"
576,d,c,2770.0,3.0,2008.0,1,37.0,2009.0,"Jan,Apr,Jul,Oct"
577,a,c,100.0,6.0,2014.0,1,18.0,2010.0,"Feb,May,Aug,Nov"
578,d,a,11640.0,4.0,2005.0,1,48.0,2011.0,"Mar,Jun,Sept,Dec"
579,a,a,720.0,10.0,2014.0,1,13.0,2010.0,"Jan,Apr,Jul,Oct"
580,a,c,370.0,7.0,2007.0,1,40.0,2011.0,"Jan,Apr,Jul,Oct"
581,a,a,150.0,12.0,2007.0,1,10.0,2014.0,"Mar,Jun,Sept,Dec"
582,a,a,560.0,10.0,2014.0,1,10.0,2014.0,"Jan,Apr,Jul,Oct"
583,a,c,250.0,9.0,2008.0,1,22.0,2012.0,"Mar,Jun,Sept,Dec"
584,a,a,2890.0,10.0,2000.0,1,10.0,2014.0,"Mar,Jun,Sept,Dec"
585,c,a,3850.0,11.0,2005.0,1,45.0,2009.0,"Feb,May,Aug,Nov"
586,a,a,250.0,1.0,2005.0,1,14.0,2011.0,"Jan,Apr,Jul,Oct"
587,a,a,190.0,7.0,2014.0,1,13.0,2010.0,"Jan,Apr,Jul,Oct"
588,a,a,390.0,2.0,2013.0,1,10.0,2014.0,"Jan,Apr,Jul,Oct"
589,d,c,15140.0,12.0,2006.0,1,13.0,2010.0,"Jan,Apr,Jul,Oct"
590,d,a,3140.0,7.0,2013.0,1,14.0,2011.0,"Jan,Apr,Jul,Oct"
591,a,a,390.0,2.0,2013.0,1,10.0,2014.0,"Jan,Apr,Jul,Oct"
592,c,c,13570.0,5.0,2010.0,1,10.0,2013.0,"Mar,Jun,Sept,Dec"
593,d,c,3840.0,10.0,2008.0,1,39.0,2010.0,"Feb,May,Aug,Nov"
594,a,a,180.0,3.0,2008.0,1,35.0,2010.0,"Mar,Jun,Sept,Dec"
595,a,c,9720.0,8.0,2013.0,1,10.0,2014.0,"Jan,Apr,Jul,Oct"
596,a,a,520.0,11.0,2009.0,1,37.0,2009.0,"Jan,Apr,Jul,Oct"
597,a,a,340.0,4.0,2003.0,1,13.0,2010.0,"Jan,Apr,Jul,Oct"
598,a,a,150.0,12.0,2007.0,1,40.0,2014.0,"Jan,Apr,Jul,Oct"
599,a,a,340.0,6.0,2003.0,1,40.0,2014.0,"Jan,Apr,Jul,Oct"
600,d,a,3910.0,11.0,2006.0,1,5.0,2013.0,"Feb,May,Aug,Nov"
601,a,a,460.0,11.0,2012.0,1,40.0,2014.0,"Jan,Apr,Jul,Oct"
602,a,a,720.0,11.0,2009.0,1,13.0,2010.0,"Jan,Apr,Jul,Oct"
603,d,c,5840.0,7.0,2010.0,1,37.0,2009.0,"Jan,Apr,Jul,Oct"
604,c,c,490.0,11.0,2002.0,1,48.0,2011.0,"Mar,Jun,Sept,Dec"
605,a,a,650.0,3.0,2006.0,1,40.0,2014.0,"Jan,Apr,Jul,Oct"
606,a,a,650.0,3.0,2013.0,1,37.0,2009.0,"Jan,Apr,Jul,Oct"
607,a,a,220.0,2.0,2002.0,1,37.0,2009.0,"Jan,Apr,Jul,Oct"
608,a,a,190.0,6.0,2008.0,1,40.0,2011.0,"Jan,Apr,Jul,Oct"
609,d,c,5840.0,7.0,2010.0,1,37.0,2009.0,"Jan,Apr,Jul,Oct"
610,a,a,17500.0,8.0,2001.0,1,37.0,2009.0,"Mar,Jun,Sept,Dec"
611,a,a,150.0,12.0,2008.0,1,31.0,2013.0,"Feb,May,Aug,Nov"
612,a,a,620.0,9.0,2014.0,1,18.0,2014.0,"Feb,May,Aug,Nov"
613,a,c,460.0,11.0,2012.0,1,40.0,2014.0,"Jan,Apr,Jul,Oct"
614,d,c,1090.0,7.0,2010.0,1,1.0,2013.0,"Jan,Apr,Jul,Oct"
615,a,a,350.0,12.0,2007.0,1,13.0,2010.0,"Jan,Apr,Jul,Oct"
616,a,a,340.0,6.0,2003.0,1,40.0,2014.0,"Jan,Apr,Jul,Oct"
617,a,a,340.0,6.0,2007.0,1,13.0,2010.0,"Jan,Apr,Jul,Oct"
618,c,a,230.0,6.0,2010.0,1,18.0,2010.0,"Feb,May,Aug,Nov"
619,a,a,290.0,9.0,2011.0,1,13.0,2010.0,"Jan,Apr,Jul,Oct"
620,c,a,1980.0,4.0,2009.0,1,14.0,2011.0,"Jan,Apr,Jul,Oct"
621,d,a,10310.0,4.0,2003.0,1,37.0,2009.0,"Jan,Apr,Jul,Oct"
622,d,a,2380.0,3.0,2010.0,1,40.0,2014.0,"Jan,Apr,Jul,Oct"
623,a,a,390.0,2.0,2013.0,1,10.0,2014.0,"Jan,Apr,Jul,Oct"
624,d,a,2380.0,3.0,2010.0,1,14.0,2011.0,"Jan,Apr,Jul,Oct"
625,c,a,3490.0,4.0,2011.0,1,22.0,2012.0,"Jan,Apr,Jul,Oct"
626,c,a,700.0,4.0,2009.0,1,14.0,2011.0,"Jan,Apr,Jul,Oct"
627,c,a,290.0,9.0,2006.0,1,5.0,2013.0,"Feb,May,Aug,Nov"
628,d,a,17280.0,10.0,2006.0,1,18.0,2011.0,"Feb,May,Aug,Nov"
629,a,c,11680.0,9.0,2011.0,1,31.0,2013.0,"Jan,Apr,Jul,Oct"
630,a,a,190.0,11.0,2012.0,1,40.0,2012.0,"Feb,May,Aug,Nov"
631,c,a,550.0,12.0,2013.0,1,40.0,2014.0,"Jan,Apr,Jul,Oct"
632,a,a,720.0,9.0,2014.0,1,13.0,2010.0,"Jan,Apr,Jul,Oct"
633,d,a,2380.0,3.0,2013.0,1,40.0,2014.0,"Jan,Apr,Jul,Oct"
634,a,a,180.0,11.0,2008.0,1,5.0,2013.0,"Feb,May,Aug,Nov"
635,a,a,70.0,11.0,2004.0,1,14.0,2011.0,"Jan,Apr,Jul,Oct"
636,c,a,190.0,9.0,2008.0,1,13.0,2010.0,"Jan,Apr,Jul,Oct"
637,c,c,4630.0,3.0,2011.0,1,35.0,2011.0,"Feb,May,Aug,Nov"
638,c,c,80.0,6.0,2005.0,1,10.0,2014.0,"Mar,Jun,Sept,Dec"
639,a,a,290.0,9.0,2008.0,1,1.0,2012.0,"Mar,Jun,Sept,Dec"
640,a,a,390.0,2.0,2013.0,1,10.0,2014.0,"Jan,Apr,Jul,Oct"
641,a,a,50.0,11.0,2006.0,1,36.0,2013.0,"Jan,Apr,Jul,Oct"
642,c,c,460.0,11.0,2012.0,1,5.0,2013.0,"Feb,May,Aug,Nov"
643,a,c,5380.0,8.0,2015.0,1,10.0,2014.0,"Jan,Apr,Jul,Oct"
644,c,a,3040.0,9.0,2007.0,1,13.0,2010.0,"Jan,Apr,Jul,Oct"
645,a,a,220.0,2.0,2002.0,1,37.0,2009.0,"Jan,Apr,Jul,Oct"
646,d,a,8650.0,7.0,2013.0,1,10.0,2014.0,"Jan,Apr,Jul,Oct"
647,d,c,18640.0,9.0,2013.0,1,10.0,2013.0,"Mar,Jun,Sept,Dec"
648,a,a,620.0,9.0,2014.0,1,1.0,2014.0,"Mar,Jun,Sept,Dec"
649,d,a,3370.0,10.0,2004.0,1,18.0,2011.0,"Feb,May,Aug,Nov"
650,d,a,3900.0,4.0,2005.0,1,45.0,2009.0,"Feb,May,Aug,Nov"
651,a,a,720.0,10.0,2014.0,1,13.0,2010.0,"Jan,Apr,Jul,Oct"
652,d,a,260.0,2.0,2012.0,1,14.0,2011.0,"Jan,Apr,Jul,Oct"
653,d,a,3140.0,7.0,2013.0,1,14.0,2011.0,"Jan,Apr,Jul,Oct"
654,a,a,290.0,9.0,2002.0,1,13.0,2010.0,"Jan,Apr,Jul,Oct"
655,a,a,150.0,2.0,2008.0,1,40.0,2014.0,"Jan,Apr,Jul,Oct"
656,a,c,270.0,2.0,2013.0,1,14.0,2013.0,"Jan,Apr,Jul,Oct"
657,d,c,2770.0,3.0,2008.0,1,18.0,2011.0,"Feb,May,Aug,Nov"
658,a,a,40.0,8.0,2014.0,1,23.0,2015.0,"Mar,Jun,Sept,Dec"
659,a,a,350.0,12.0,2012.0,1,1.0,2012.0,"Jan,Apr,Jul,Oct"
660,a,a,150.0,9.0,2008.0,1,1.0,2012.0,"Mar,Jun,Sept,Dec"
661,d,a,510.0,9.0,2012.0,1,35.0,2012.0,"Mar,Jun,Sept,Dec"
662,d,c,17110.0,11.0,2007.0,1,5.0,2010.0,"Jan,Apr,Jul,Oct"
663,d,c,5840.0,7.0,2010.0,1,37.0,2009.0,"Jan,Apr,Jul,Oct"
664,c,a,500.0,7.0,2010.0,1,35.0,2012.0,"Mar,Jun,Sept,Dec"
665,a,a,460.0,11.0,2012.0,1,40.0,2014.0,"Jan,Apr,Jul,Oct"
666,d,a,17280.0,10.0,2009.0,1,18.0,2011.0,"Feb,May,Aug,Nov"
667,a,a,720.0,10.0,2014.0,1,31.0,2013.0,"Feb,May,Aug,Nov"
668,a,a,2050.0,3.0,2007.0,1,40.0,2014.0,"Jan,Apr,Jul,Oct"
669,d,a,10310.0,4.0,2003.0,1,37.0,2009.0,"Jan,Apr,Jul,Oct"
670,a,a,90.0,12.0,2012.0,1,14.0,2011.0,"Jan,Apr,Jul,Oct"
671,a,c,410.0,2.0,2012.0,1,48.0,2012.0,"Mar,Jun,Sept,Dec"
672,a,a,330.0,3.0,2008.0,1,1.0,2012.0,"Mar,Jun,Sept,Dec"
673,d,a,2380.0,3.0,2010.0,1,14.0,2011.0,"Jan,Apr,Jul,Oct"
674,a,a,220.0,2.0,2002.0,1,37.0,2009.0,"Jan,Apr,Jul,Oct"
675,a,a,110.0,4.0,2008.0,1,40.0,2014.0,"Jan,Apr,Jul,Oct"
676,a,a,180.0,11.0,2014.0,1,18.0,2011.0,"Feb,May,Aug,Nov"
677,a,a,290.0,10.0,2011.0,1,31.0,2013.0,"Feb,May,Aug,Nov"
678,a,a,330.0,11.0,2008.0,1,5.0,2013.0,"Feb,May,Aug,Nov"
679,d,a,2380.0,3.0,2013.0,1,40.0,2014.0,"Jan,Apr,Jul,Oct"
680,a,a,100.0,6.0,2007.0,1,18.0,2010.0,"Feb,May,Aug,Nov"
681,d,c,18640.0,9.0,2013.0,1,14.0,2011.0,"Jan,Apr,Jul,Oct"
682,d,a,8670.0,2.0,2002.0,1,14.0,2011.0,"Jan,Apr,Jul,Oct"
683,a,a,2060.0,10.0,2008.0,1,45.0,2009.0,"Feb,May,Aug,Nov"
684,a,a,190.0,9.0,2012.0,1,45.0,2009.0,"Feb,May,Aug,Nov"
685,c,c,5390.0,8.0,2003.0,1,27.0,2012.0,"Jan,Apr,Jul,Oct"
686,c,a,470.0,1.0,2007.0,1,1.0,2012.0,"Jan,Apr,Jul,Oct"
687,c,c,380.0,5.0,2008.0,1,40.0,2012.0,"Jan,Apr,Jul,Oct"
688,a,a,2890.0,10.0,2007.0,1,10.0,2014.0,"Jan,Apr,Jul,Oct"
689,d,a,3370.0,10.0,2014.0,1,18.0,2011.0,"Feb,May,Aug,Nov"
690,a,a,3750.0,9.0,2001.0,1,35.0,2010.0,"Mar,Jun,Sept,Dec"
691,d,a,10310.0,4.0,2003.0,1,37.0,2009.0,"Jan,Apr,Jul,Oct"
692,c,c,460.0,11.0,2012.0,1,40.0,2014.0,"Jan,Apr,Jul,Oct"
693,d,c,7170.0,8.0,2014.0,1,5.0,2013.0,"Feb,May,Aug,Nov"
694,a,a,150.0,9.0,2008.0,1,31.0,2013.0,"Jan,Apr,Jul,Oct"
695,a,a,300.0,4.0,2012.0,1,40.0,2014.0,"Jan,Apr,Jul,Oct"
696,d,a,3370.0,10.0,2014.0,1,18.0,2011.0,"Feb,May,Aug,Nov"
697,c,a,230.0,6.0,2004.0,1,35.0,2010.0,"Mar,Jun,Sept,Dec"
698,a,c,2840.0,6.0,2007.0,1,14.0,2011.0,"Jan,Apr,Jul,Oct"
699,a,a,150.0,3.0,2011.0,1,31.0,2013.0,"Jan,Apr,Jul,Oct"
700,a,a,2090.0,10.0,2012.0,1,40.0,2014.0,"Jan,Apr,Jul,Oct"
701,d,c,1460.0,4.0,2014.0,1,31.0,2013.0,"Jan,Apr,Jul,Oct"
702,a,a,620.0,9.0,2014.0,1,13.0,2010.0,"Jan,Apr,Jul,Oct"
703,d,a,3370.0,10.0,2014.0,1,18.0,2011.0,"Feb,May,Aug,Nov"
704,a,a,180.0,11.0,2014.0,1,5.0,2013.0,"Feb,May,Aug,Nov"
705,a,a,2090.0,12.0,2008.0,1,40.0,2014.0,"Jan,Apr,Jul,Oct"
706,d,c,7170.0,8.0,2014.0,1,5.0,2013.0,"Feb,May,Aug,Nov"
707,a,a,150.0,9.0,2008.0,1,40.0,2011.0,"Jan,Apr,Jul,Oct"
708,a,a,1200.0,10.0,2014.0,1,27.0,2015.0,"Jan,Apr,Jul,Oct"
709,a,c,2840.0,6.0,2007.0,1,14.0,2011.0,"Jan,Apr,Jul,Oct"
710,a,a,330.0,3.0,2008.0,1,1.0,2012.0,"Jan,Apr,Jul,Oct"
711,a,a,180.0,11.0,2012.0,1,18.0,2011.0,"Feb,May,Aug,Nov"
712,a,a,1200.0,12.0,2008.0,1,40.0,2014.0,"Jan,Apr,Jul,Oct"
713,a,a,1200.0,7.0,2008.0,1,1.0,2012.0,"Jan,Apr,Jul,Oct"
714,a,c,1070.0,8.0,2010.0,1,10.0,2014.0,"Jan,Apr,Jul,Oct"
715,a,a,720.0,10.0,2014.0,1,13.0,2010.0,"Jan,Apr,Jul,Oct"
716,a,c,2310.0,9.0,2011.0,1,13.0,2010.0,"Jan,Apr,Jul,Oct"
717,d,a,850.0,2.0,2012.0,1,40.0,2014.0,"Jan,Apr,Jul,Oct"
718,d,c,4520.0,9.0,2010.0,1,31.0,2013.0,"Jan,Apr,Jul,Oct"
719,a,a,180.0,11.0,2006.0,1,5.0,2013.0,"Feb,May,Aug,Nov"
720,a,c,220.0,2.0,2002.0,1,37.0,2009.0,"Jan,Apr,Jul,Oct"
721,a,a,190.0,11.0,2012.0,1,40.0,2012.0,"Feb,May,Aug,Nov"
722,d,c,6970.0,9.0,2008.0,1,22.0,2011.0,"Jan,Apr,Jul,Oct"
723,a,c,410.0,11.0,2012.0,1,35.0,2012.0,"Mar,Jun,Sept,Dec"
724,d,a,510.0,7.0,2014.0,1,23.0,2015.0,"Mar,Jun,Sept,Dec"
725,d,c,2770.0,3.0,2008.0,1,22.0,2011.0,"Jan,Apr,Jul,Oct"
726,a,c,4590.0,3.0,2000.0,1,40.0,2011.0,"Jan,Apr,Jul,Oct"
727,a,a,2090.0,10.0,2012.0,1,40.0,2014.0,"Jan,Apr,Jul,Oct"
728,a,a,1200.0,11.0,2006.0,1,40.0,2014.0,"Jan,Apr,Jul,Oct"
729,c,c,490.0,5.0,2007.0,1,31.0,2013.0,"Feb,May,Aug,Nov"
730,a,c,2840.0,6.0,2007.0,1,14.0,2011.0,"Jan,Apr,Jul,Oct"
731,a,a,720.0,10.0,2001.0,1,13.0,2010.0,"Jan,Apr,Jul,Oct"
732,d,c,6620.0,3.0,2012.0,1,10.0,2014.0,"Mar,Jun,Sept,Dec"
733,d,c,6620.0,3.0,2012.0,1,10.0,2014.0,"Mar,Jun,Sept,Dec"
734,d,a,3900.0,4.0,2005.0,1,45.0,2009.0,"Feb,May,Aug,Nov"
735,a,c,4590.0,3.0,2000.0,1,40.0,2011.0,"Jan,Apr,Jul,Oct"
736,d,a,260.0,2.0,2012.0,1,14.0,2011.0,"Jan,Apr,Jul,Oct"
737,d,a,3910.0,11.0,2006.0,1,5.0,2013.0,"Feb,May,Aug,Nov"
738,c,a,260.0,6.0,2012.0,1,18.0,2011.0,"Feb,May,Aug,Nov"
739,a,a,70.0,6.0,2005.0,1,13.0,2010.0,"Jan,Apr,Jul,Oct"
740,a,c,2840.0,6.0,2007.0,1,14.0,2011.0,"Jan,Apr,Jul,Oct"
741,a,a,340.0,7.0,2003.0,1,13.0,2010.0,"Jan,Apr,Jul,Oct"
742,d,a,17280.0,10.0,2014.0,1,18.0,2011.0,"Feb,May,Aug,Nov"
743,a,a,330.0,3.0,2008.0,1,45.0,2009.0,"Feb,May,Aug,Nov"
744,d,c,9910.0,12.0,2010.0,1,9.0,2011.0,"Mar,Jun,Sept,Dec"
745,c,a,4030.0,2.0,2015.0,1,14.0,2011.0,"Jan,Apr,Jul,Oct"
746,d,a,2380.0,3.0,2010.0,1,40.0,2014.0,"Jan,Apr,Jul,Oct"
747,d,c,9910.0,12.0,2010.0,1,9.0,2011.0,"Mar,Jun,Sept,Dec"
748,a,a,90.0,7.0,2012.0,1,35.0,2012.0,"Mar,Jun,Sept,Dec"
749,a,a,1640.0,2.0,2013.0,1,40.0,2011.0,"Jan,Apr,Jul,Oct"
750,d,c,6360.0,12.0,2010.0,1,14.0,2012.0,"Mar,Jun,Sept,Dec"
751,a,c,5380.0,8.0,2015.0,1,5.0,2010.0,"Feb,May,Aug,Nov"
752,c,a,940.0,4.0,2004.0,1,14.0,2011.0,"Jan,Apr,Jul,Oct"
753,a,c,490.0,11.0,2007.0,1,35.0,2010.0,"Mar,Jun,Sept,Dec"
754,a,a,180.0,3.0,2008.0,1,5.0,2013.0,"Feb,May,Aug,Nov"
755,a,a,3750.0,11.0,2001.0,1,35.0,2010.0,"Mar,Jun,Sept,Dec"
756,a,c,370.0,7.0,2007.0,1,14.0,2011.0,"Jan,Apr,Jul,Oct"
757,a,c,2840.0,6.0,2007.0,1,14.0,2011.0,"Jan,Apr,Jul,Oct"
758,a,c,490.0,9.0,2012.0,1,18.0,2011.0,"Feb,May,Aug,Nov"
759,a,a,350.0,8.0,2012.0,1,14.0,2011.0,"Jan,Apr,Jul,Oct"
760,d,a,10310.0,4.0,2003.0,1,37.0,2009.0,"Jan,Apr,Jul,Oct"
761,d,c,17110.0,3.0,2007.0,1,5.0,2013.0,"Feb,May,Aug,Nov"
762,a,a,150.0,2.0,2008.0,1,31.0,2013.0,"Jan,Apr,Jul,Oct"
763,a,a,4140.0,9.0,2012.0,1,18.0,2011.0,"Feb,May,Aug,Nov"
764,d,c,17110.0,3.0,2007.0,1,5.0,2010.0,"Jan,Apr,Jul,Oct"
765,a,a,17500.0,1.0,2001.0,1,37.0,2009.0,"Jan,Apr,Jul,Oct"
766,a,c,220.0,2.0,2002.0,1,37.0,2009.0,"Jan,Apr,Jul,Oct"
767,d,c,9360.0,7.0,2013.0,1,22.0,2012.0,"Mar,Jun,Sept,Dec"
768,a,c,2030.0,11.0,2003.0,1,37.0,2009.0,"Jan,Apr,Jul,Oct"
769,a,a,300.0,7.0,2000.0,1,40.0,2014.0,"Jan,Apr,Jul,Oct"
770,d,a,5070.0,11.0,2007.0,1,18.0,2015.0,"Feb,May,Aug,Nov"
771,a,a,460.0,11.0,1994.0,1,40.0,2014.0,"Jan,Apr,Jul,Oct"
772,a,a,17500.0,8.0,1999.0,1,37.0,2009.0,"Mar,Jun,Sept,Dec"
773,a,a,220.0,2.0,2002.0,1,37.0,2009.0,"Jan,Apr,Jul,Oct"
774,d,c,18640.0,9.0,2013.0,1,10.0,2014.0,"Mar,Jun,Sept,Dec"
775,d,c,7170.0,7.0,2014.0,1,31.0,2013.0,"Feb,May,Aug,Nov"
776,d,a,2590.0,9.0,2012.0,1,13.0,2010.0,"Jan,Apr,Jul,Oct"
777,c,a,700.0,4.0,2009.0,1,14.0,2011.0,"Jan,Apr,Jul,Oct"
778,c,a,3040.0,9.0,2002.0,1,13.0,2010.0,"Jan,Apr,Jul,Oct"
779,a,a,150.0,9.0,2008.0,1,27.0,2012.0,"Mar,Jun,Sept,Dec"
780,d,a,1120.0,5.0,2007.0,1,31.0,2013.0,"Jan,Apr,Jul,Oct"
781,d,c,9360.0,7.0,2013.0,1,22.0,2012.0,"Mar,Jun,Sept,Dec"
782,d,a,3900.0,4.0,2005.0,1,45.0,2009.0,"Feb,May,Aug,Nov"
783,a,a,250.0,1.0,2005.0,1,13.0,2010.0,"Jan,Apr,Jul,Oct"
784,d,a,5070.0,11.0,2007.0,1,18.0,2015.0,"Feb,May,Aug,Nov"
785,a,a,460.0,3.0,2014.0,1,13.0,2010.0,"Jan,Apr,Jul,Oct"
786,a,c,220.0,2.0,2002.0,1,37.0,2009.0,"Jan,Apr,Jul,Oct"
787,a,a,120.0,4.0,2009.0,1,1.0,2012.0,"Jan,Apr,Jul,Oct"
788,d,a,8650.0,7.0,2013.0,1,10.0,2014.0,"Jan,Apr,Jul,Oct"
789,d,a,10310.0,4.0,2003.0,1,37.0,2009.0,"Jan,Apr,Jul,Oct"
790,d,c,9360.0,7.0,2013.0,1,22.0,2012.0,"Mar,Jun,Sept,Dec"
791,a,a,220.0,2.0,2002.0,1,37.0,2009.0,"Jan,Apr,Jul,Oct"
792,a,c,340.0,9.0,2012.0,1,40.0,2012.0,"Jan,Apr,Jul,Oct"
793,d,c,6620.0,3.0,2012.0,1,10.0,2014.0,"Mar,Jun,Sept,Dec"
794,d,c,1860.0,9.0,2012.0,1,40.0,2011.0,"Jan,Apr,Jul,Oct"
795,d,a,18670.0,12.0,2005.0,1,13.0,2010.0,"Jan,Apr,Jul,Oct"
796,d,c,6620.0,3.0,2012.0,1,10.0,2014.0,"Mar,Jun,Sept,Dec"
797,a,a,520.0,9.0,2005.0,1,13.0,2010.0,"Jan,Apr,Jul,Oct"
798,a,a,330.0,11.0,2008.0,1,5.0,2013.0,"Feb,May,Aug,Nov"
799,c,c,490.0,11.0,2007.0,1,18.0,2011.0,"Feb,May,Aug,Nov"
800,d,c,12480.0,3.0,2011.0,1,1.0,2012.0,"Jan,Apr,Jul,Oct"
801,a,a,290.0,9.0,2002.0,1,13.0,2010.0,"Jan,Apr,Jul,Oct"
802,d,c,18010.0,9.0,2014.0,1,18.0,2015.0,"Feb,May,Aug,Nov"
803,a,a,460.0,3.0,2012.0,1,40.0,2014.0,"Jan,Apr,Jul,Oct"
804,a,a,340.0,6.0,2007.0,1,27.0,2012.0,"Jan,Apr,Jul,Oct"
805,a,a,330.0,9.0,2008.0,1,1.0,2012.0,"Mar,Jun,Sept,Dec"
806,a,a,2060.0,9.0,2009.0,1,45.0,2009.0,"Feb,May,Aug,Nov"
807,c,a,3040.0,9.0,2002.0,1,13.0,2010.0,"Jan,Apr,Jul,Oct"
808,a,a,40.0,2.0,2014.0,1,5.0,2013.0,"Feb,May,Aug,Nov"
809,a,c,2310.0,9.0,2011.0,1,13.0,2010.0,"Jan,Apr,Jul,Oct"
810,d,c,6620.0,3.0,2012.0,1,10.0,2014.0,"Mar,Jun,Sept,Dec"
811,a,a,330.0,11.0,2008.0,1,5.0,2013.0,"Feb,May,Aug,Nov"
812,d,a,3370.0,10.0,2014.0,1,18.0,2011.0,"Feb,May,Aug,Nov"
813,d,a,2590.0,9.0,2012.0,1,13.0,2010.0,"Jan,Apr,Jul,Oct"
814,c,a,200.0,4.0,1998.0,1,14.0,2012.0,"Jan,Apr,Jul,Oct"
815,c,c,8140.0,11.0,2013.0,1,10.0,2014.0,"Mar,Jun,Sept,Dec"
816,a,c,350.0,11.0,2012.0,1,22.0,2011.0,"Feb,May,Aug,Nov"
817,c,a,14810.0,6.0,2014.0,1,14.0,2011.0,"Mar,Jun,Sept,Dec"
818,a,a,2090.0,10.0,2000.0,1,40.0,2014.0,"Jan,Apr,Jul,Oct"
819,a,c,250.0,6.0,2008.0,1,27.0,2012.0,"Jan,Apr,Jul,Oct"
820,d,a,17290.0,10.0,2013.0,1,10.0,2014.0,"Jan,Apr,Jul,Oct"
821,a,a,1200.0,7.0,2014.0,1,31.0,2013.0,"Jan,Apr,Jul,Oct"
822,c,a,4030.0,2.0,2015.0,1,14.0,2011.0,"Jan,Apr,Jul,Oct"
823,a,a,180.0,3.0,2008.0,1,35.0,2010.0,"Mar,Jun,Sept,Dec"
824,d,a,8650.0,7.0,2013.0,1,37.0,2009.0,"Jan,Apr,Jul,Oct"
825,a,a,190.0,3.0,2008.0,1,13.0,2010.0,"Jan,Apr,Jul,Oct"
826,d,c,1090.0,4.0,2007.0,1,1.0,2012.0,"Jan,Apr,Jul,Oct"
827,a,a,1420.0,11.0,2012.0,1,40.0,2014.0,"Jan,Apr,Jul,Oct"
828,d,c,6620.0,3.0,2012.0,1,10.0,2014.0,"Mar,Jun,Sept,Dec"
829,a,c,5380.0,7.0,2015.0,1,48.0,2011.0,"Mar,Jun,Sept,Dec"
830,a,a,290.0,10.0,2011.0,1,40.0,2014.0,"Jan,Apr,Jul,Oct"
831,a,a,150.0,9.0,2008.0,1,31.0,2013.0,"Jan,Apr,Jul,Oct"
832,a,a,4140.0,9.0,2012.0,1,18.0,2011.0,"Feb,May,Aug,Nov"
833,a,c,370.0,7.0,2012.0,1,48.0,2012.0,"Mar,Jun,Sept,Dec"
834,a,a,290.0,10.0,2001.0,1,40.0,2011.0,"Jan,Apr,Jul,Oct"
835,d,a,2590.0,10.0,2012.0,1,13.0,2010.0,"Jan,Apr,Jul,Oct"
836,c,a,940.0,4.0,2004.0,1,14.0,2011.0,"Jan,Apr,Jul,Oct"
837,a,a,190.0,9.0,2012.0,1,40.0,2012.0,"Feb,May,Aug,Nov"
838,a,a,250.0,12.0,2001.0,1,13.0,2010.0,"Jan,Apr,Jul,Oct"
839,a,a,17500.0,8.0,2008.0,1,37.0,2009.0,"Mar,Jun,Sept,Dec"
840,a,a,90.0,11.0,2012.0,1,31.0,2013.0,"Jan,Apr,Jul,Oct"
841,a,a,90.0,2.0,2012.0,1,14.0,2011.0,"Jan,Apr,Jul,Oct"
842,d,c,7170.0,8.0,2014.0,1,5.0,2013.0,"Feb,May,Aug,Nov"
843,a,a,40.0,8.0,2001.0,1,10.0,2014.0,"Mar,Jun,Sept,Dec"
844,d,c,6620.0,7.0,2013.0,1,10.0,2014.0,"Mar,Jun,Sept,Dec"
845,a,c,600.0,5.0,1999.0,1,10.0,2013.0,"Jan,Apr,Jul,Oct"
846,a,a,40.0,8.0,2003.0,1,14.0,2011.0,"Jan,Apr,Jul,Oct"
847,a,c,2840.0,6.0,2007.0,1,14.0,2011.0,"Jan,Apr,Jul,Oct"
848,a,a,17500.0,8.0,2008.0,1,37.0,2009.0,"Mar,Jun,Sept,Dec"
849,a,a,1200.0,9.0,2008.0,1,27.0,2012.0,"Jan,Apr,Jul,Oct"
850,d,a,1120.0,5.0,2007.0,1,31.0,2013.0,"Jan,Apr,Jul,Oct"
851,a,c,210.0,11.0,2000.0,1,31.0,2013.0,"Jan,Apr,Jul,Oct"
852,c,c,8140.0,11.0,2013.0,1,10.0,2014.0,"Mar,Jun,Sept,Dec"
853,c,c,1650.0,9.0,2008.0,1,14.0,2011.0,"Jan,Apr,Jul,Oct"
854,a,a,460.0,3.0,2012.0,1,40.0,2014.0,"Jan,Apr,Jul,Oct"
855,a,a,1070.0,2.0,2015.0,1,13.0,2010.0,"Jan,Apr,Jul,Oct"
856,c,c,3890.0,11.0,2003.0,1,14.0,2011.0,"Jan,Apr,Jul,Oct"
857,a,a,540.0,6.0,2003.0,1,40.0,2014.0,"Jan,Apr,Jul,Oct"
858,a,a,520.0,3.0,2005.0,1,13.0,2010.0,"Jan,Apr,Jul,Oct"
859,c,c,380.0,5.0,2008.0,1,10.0,2012.0,"Mar,Jun,Sept,Dec"
860,a,a,2890.0,10.0,2003.0,1,10.0,2014.0,"Mar,Jun,Sept,Dec"
861,c,c,710.0,9.0,2012.0,1,40.0,2011.0,"Jan,Apr,Jul,Oct"
862,a,a,150.0,9.0,2008.0,1,1.0,2012.0,"Jan,Apr,Jul,Oct"
863,d,a,3910.0,11.0,2006.0,1,5.0,2013.0,"Feb,May,Aug,Nov"
864,d,a,5070.0,11.0,2007.0,1,18.0,2015.0,"Feb,May,Aug,Nov"
865,a,a,560.0,10.0,2014.0,1,10.0,2014.0,"Jan,Apr,Jul,Oct"
866,c,a,3850.0,6.0,2005.0,1,45.0,2009.0,"Feb,May,Aug,Nov"
867,d,a,17280.0,10.0,2009.0,1,18.0,2011.0,"Feb,May,Aug,Nov"
868,a,a,1640.0,2.0,2013.0,1,40.0,2011.0,"Jan,Apr,Jul,Oct"
869,d,c,6620.0,3.0,2012.0,1,10.0,2014.0,"Mar,Jun,Sept,Dec"
870,a,c,600.0,5.0,2002.0,1,40.0,2014.0,"Jan,Apr,Jul,Oct"
871,a,a,3750.0,9.0,2001.0,1,35.0,2010.0,"Mar,Jun,Sept,Dec"
872,a,a,100.0,5.0,2007.0,1,13.0,2010.0,"Jan,Apr,Jul,Oct"
873,a,a,350.0,8.0,2003.0,1,14.0,2011.0,"Jan,Apr,Jul,Oct"
874,d,c,8250.0,10.0,1999.0,1,31.0,2013.0,"Jan,Apr,Jul,Oct"
875,d,c,5650.0,9.0,2008.0,1,5.0,2013.0,"Feb,May,Aug,Nov"
876,a,a,650.0,11.0,2013.0,1,37.0,2009.0,"Jan,Apr,Jul,Oct"
877,a,a,190.0,9.0,2012.0,1,40.0,2012.0,"Feb,May,Aug,Nov"
878,c,a,2740.0,5.0,2009.0,1,40.0,2014.0,"Jan,Apr,Jul,Oct"
879,d,c,2770.0,6.0,2008.0,1,22.0,2011.0,"Jan,Apr,Jul,Oct"
880,d,a,1120.0,5.0,2007.0,1,31.0,2013.0,"Jan,Apr,Jul,Oct"
881,c,c,1200.0,5.0,2014.0,1,40.0,2014.0,"Jan,Apr,Jul,Oct"
882,d,c,5650.0,9.0,2008.0,1,5.0,2013.0,"Feb,May,Aug,Nov"
883,d,a,300.0,7.0,2012.0,1,14.0,2011.0,"Jan,Apr,Jul,Oct"
884,a,a,390.0,6.0,2009.0,1,27.0,2012.0,"Jan,Apr,Jul,Oct"
885,c,a,700.0,7.0,2009.0,1,1.0,2012.0,"Jan,Apr,Jul,Oct"
886,a,a,1200.0,7.0,2014.0,1,45.0,2009.0,"Jan,Apr,Jul,Oct"
887,a,a,540.0,10.0,2011.0,1,13.0,2010.0,"Jan,Apr,Jul,Oct"
888,a,a,180.0,3.0,2014.0,1,18.0,2011.0,"Feb,May,Aug,Nov"
889,a,a,1100.0,6.0,2009.0,1,35.0,2012.0,"Mar,Jun,Sept,Dec"
890,a,a,330.0,9.0,2008.0,1,14.0,2011.0,"Mar,Jun,Sept,Dec"
891,d,c,3840.0,10.0,2008.0,1,39.0,2010.0,"Feb,May,Aug,Nov"
892,a,a,150.0,12.0,2007.0,1,40.0,2014.0,"Jan,Apr,Jul,Oct"
893,c,a,550.0,12.0,2013.0,1,40.0,2014.0,"Jan,Apr,Jul,Oct"
894,a,a,1420.0,10.0,2012.0,1,40.0,2014.0,"Jan,Apr,Jul,Oct"
895,a,a,190.0,11.0,2012.0,1,40.0,2014.0,"Jan,Apr,Jul,Oct"
896,d,c,18640.0,9.0,2013.0,1,10.0,2014.0,"Mar,Jun,Sept,Dec"
897,c,a,940.0,4.0,2004.0,1,14.0,2011.0,"Jan,Apr,Jul,Oct"
898,d,a,260.0,2.0,2012.0,1,14.0,2011.0,"Jan,Apr,Jul,Oct"
899,d,c,2640.0,9.0,2012.0,1,31.0,2013.0,"Feb,May,Aug,Nov"
900,c,c,8140.0,11.0,2013.0,1,10.0,2014.0,"Mar,Jun,Sept,Dec"
901,d,c,15140.0,2.0,2002.0,1,37.0,2009.0,"Jan,Apr,Jul,Oct"
902,d,a,2380.0,3.0,2010.0,1,40.0,2014.0,"Jan,Apr,Jul,Oct"
903,a,a,300.0,4.0,2012.0,1,40.0,2014.0,"Jan,Apr,Jul,Oct"
904,a,c,2840.0,6.0,2007.0,1,14.0,2011.0,"Jan,Apr,Jul,Oct"
905,c,a,1190.0,11.0,2012.0,1,36.0,2013.0,"Jan,Apr,Jul,Oct"
906,a,a,290.0,9.0,2011.0,1,40.0,2014.0,"Jan,Apr,Jul,Oct"
907,a,a,3750.0,11.0,2001.0,1,35.0,2010.0,"Mar,Jun,Sept,Dec"
908,d,c,2770.0,3.0,2008.0,1,40.0,2014.0,"Jan,Apr,Jul,Oct"
909,a,c,360.0,3.0,2014.0,1,18.0,2013.0,"Feb,May,Aug,Nov"
910,a,a,70.0,11.0,2004.0,1,14.0,2011.0,"Jan,Apr,Jul,Oct"
911,d,c,970.0,3.0,1999.0,1,31.0,2013.0,"Feb,May,Aug,Nov"
912,d,c,15140.0,12.0,2006.0,1,37.0,2009.0,"Jan,Apr,Jul,Oct"
913,a,a,1060.0,5.0,2009.0,1,27.0,2011.0,"Feb,May,Aug,Nov"
914,a,a,120.0,4.0,2009.0,1,22.0,2011.0,"Jan,Apr,Jul,Oct"
915,d,c,9360.0,7.0,2009.0,1,22.0,2012.0,"Mar,Jun,Sept,Dec"
916,c,a,60.0,4.0,2006.0,1,13.0,2010.0,"Jan,Apr,Jul,Oct"
917,a,a,70.0,7.0,2005.0,1,10.0,2014.0,"Mar,Jun,Sept,Dec"
918,a,a,650.0,10.0,2006.0,1,37.0,2009.0,"Jan,Apr,Jul,Oct"
919,a,a,460.0,11.0,2012.0,1,40.0,2014.0,"Jan,Apr,Jul,Oct"
920,d,a,18610.0,11.0,2002.0,1,48.0,2011.0,"Mar,Jun,Sept,Dec"
921,d,c,6970.0,12.0,2005.0,1,22.0,2011.0,"Jan,Apr,Jul,Oct"
922,a,a,720.0,11.0,2004.0,1,13.0,2010.0,"Jan,Apr,Jul,Oct"
923,a,a,250.0,7.0,2001.0,1,13.0,2010.0,"Jan,Apr,Jul,Oct"
924,a,a,300.0,7.0,2000.0,1,13.0,2010.0,"Jan,Apr,Jul,Oct"
925,a,c,100.0,6.0,2010.0,1,18.0,2010.0,"Feb,May,Aug,Nov"
926,d,c,330.0,3.0,2008.0,1,1.0,2012.0,"Mar,Jun,Sept,Dec"
927,a,a,180.0,11.0,1999.0,1,35.0,2010.0,"Mar,Jun,Sept,Dec"
928,d,c,5650.0,9.0,2008.0,1,5.0,2013.0,"Feb,May,Aug,Nov"
929,a,a,180.0,3.0,2008.0,1,40.0,2014.0,"Jan,Apr,Jul,Oct"
930,a,c,2310.0,9.0,2011.0,1,13.0,2010.0,"Jan,Apr,Jul,Oct"
931,d,a,2380.0,3.0,2010.0,1,40.0,2014.0,"Jan,Apr,Jul,Oct"
932,a,c,2330.0,2.0,2014.0,1,49.0,2011.0,"Mar,Jun,Sept,Dec"
933,a,c,370.0,7.0,2007.0,1,14.0,2013.0,"Jan,Apr,Jul,Oct"
934,a,a,250.0,12.0,2001.0,1,14.0,2011.0,"Jan,Apr,Jul,Oct"
935,a,a,190.0,7.0,2008.0,1,13.0,2010.0,"Jan,Apr,Jul,Oct"
936,c,c,3330.0,10.0,2001.0,1,45.0,2009.0,"Feb,May,Aug,Nov"
937,a,a,17500.0,2.0,2008.0,1,37.0,2009.0,"Mar,Jun,Sept,Dec"
938,a,a,250.0,4.0,2008.0,1,13.0,2010.0,"Jan,Apr,Jul,Oct"
939,a,a,540.0,6.0,2003.0,1,40.0,2014.0,"Jan,Apr,Jul,Oct"
940,a,a,90.0,12.0,2012.0,1,40.0,2014.0,"Jan,Apr,Jul,Oct"
941,a,a,1640.0,6.0,2006.0,1,40.0,2011.0,"Jan,Apr,Jul,Oct"
942,d,c,8250.0,11.0,2014.0,1,10.0,2013.0,"Mar,Jun,Sept,Dec"
943,a,a,340.0,10.0,2000.0,1,13.0,2010.0,"Jan,Apr,Jul,Oct"
944,c,a,500.0,6.0,2010.0,1,45.0,2009.0,"Feb,May,Aug,Nov"
945,d,c,6470.0,3.0,2014.0,1,13.0,2010.0,"Jan,Apr,Jul,Oct"
946,a,c,410.0,4.0,2003.0,1,13.0,2010.0,"Jan,Apr,Jul,Oct"
947,d,c,2640.0,4.0,2011.0,1,22.0,2011.0,"Mar,Jun,Sept,Dec"
948,a,a,2060.0,10.0,2008.0,1,45.0,2009.0,"Feb,May,Aug,Nov"
949,d,c,970.0,11.0,2013.0,1,31.0,2013.0,"Feb,May,Aug,Nov"
950,a,c,2840.0,6.0,2007.0,1,14.0,2011.0,"Jan,Apr,Jul,Oct"
951,a,c,2310.0,9.0,2011.0,1,13.0,2010.0,"Jan,Apr,Jul,Oct"
952,c,c,3530.0,6.0,2012.0,1,35.0,2012.0,"Mar,Jun,Sept,Dec"
953,d,a,2380.0,3.0,2010.0,1,14.0,2011.0,"Jan,Apr,Jul,Oct"
954,a,a,220.0,2.0,2002.0,1,37.0,2009.0,"Jan,Apr,Jul,Oct"
955,d,c,3290.0,12.0,2014.0,1,35.0,2012.0,"Mar,Jun,Sept,Dec"
956,a,c,170.0,2.0,2009.0,1,27.0,2012.0,"Jan,Apr,Jul,Oct"
957,a,a,290.0,9.0,2006.0,1,13.0,2010.0,"Jan,Apr,Jul,Oct"
958,a,a,150.0,9.0,2008.0,1,45.0,2009.0,"Feb,May,Aug,Nov"
959,a,a,390.0,6.0,2009.0,1,27.0,2013.0,"Jan,Apr,Jul,Oct"
960,a,a,290.0,9.0,2002.0,1,40.0,2014.0,"Jan,Apr,Jul,Oct"
961,a,a,290.0,10.0,2006.0,1,23.0,2015.0,"Mar,Jun,Sept,Dec"
962,a,a,1100.0,6.0,2009.0,1,40.0,2014.0,"Jan,Apr,Jul,Oct"
963,a,a,1200.0,10.0,2014.0,1,31.0,2013.0,"Jan,Apr,Jul,Oct"
964,a,a,120.0,12.0,2014.0,1,37.0,2009.0,"Jan,Apr,Jul,Oct"
965,a,a,1070.0,5.0,2015.0,1,14.0,2011.0,"Jan,Apr,Jul,Oct"
966,a,c,11680.0,9.0,2011.0,1,31.0,2013.0,"Jan,Apr,Jul,Oct"
967,a,a,460.0,3.0,2014.0,1,13.0,2010.0,"Jan,Apr,Jul,Oct"
968,d,c,9910.0,12.0,2010.0,1,9.0,2011.0,"Mar,Jun,Sept,Dec"
969,a,a,390.0,6.0,2009.0,1,18.0,2010.0,"Feb,May,Aug,Nov"
970,d,c,1090.0,7.0,2010.0,1,1.0,2013.0,"Jan,Apr,Jul,Oct"
971,b,c,13840.0,5.0,2010.0,1,37.0,2009.0,"Jan,Apr,Jul,Oct"
972,a,c,2840.0,6.0,2007.0,1,14.0,2011.0,"Jan,Apr,Jul,Oct"
973,a,c,4590.0,3.0,2000.0,1,40.0,2011.0,"Jan,Apr,Jul,Oct"
974,d,c,3290.0,12.0,1999.0,1,45.0,2009.0,"Feb,May,Aug,Nov"
975,a,c,2840.0,6.0,2007.0,1,14.0,2011.0,"Jan,Apr,Jul,Oct"
976,d,a,2110.0,11.0,1995.0,1,40.0,2014.0,"Jan,Apr,Jul,Oct"
977,d,c,18640.0,9.0,2013.0,1,10.0,2014.0,"Mar,Jun,Sept,Dec"
978,d,c,4520.0,9.0,2010.0,1,31.0,2013.0,"Jan,Apr,Jul,Oct"
979,a,c,2840.0,6.0,2007.0,1,14.0,2011.0,"Jan,Apr,Jul,Oct"
980,c,c,1200.0,11.0,2012.0,1,22.0,2012.0,"Mar,Jun,Sept,Dec"
981,a,a,150.0,9.0,2008.0,1,40.0,2011.0,"Jan,Apr,Jul,Oct"
982,c,a,1270.0,5.0,2008.0,1,40.0,2012.0,"Mar,Jun,Sept,Dec"
983,a,c,2840.0,6.0,2007.0,1,14.0,2011.0,"Jan,Apr,Jul,Oct"
984,d,c,6620.0,3.0,2012.0,1,40.0,2011.0,"Jan,Apr,Jul,Oct"
985,a,c,270.0,8.0,2013.0,1,10.0,2013.0,"Mar,Jun,Sept,Dec"
986,a,a,300.0,7.0,2000.0,1,13.0,2010.0,"Jan,Apr,Jul,Oct"
987,d,c,5650.0,9.0,2008.0,1,5.0,2013.0,"Feb,May,Aug,Nov"
988,a,a,180.0,9.0,2008.0,1,18.0,2011.0,"Feb,May,Aug,Nov"
989,a,a,70.0,11.0,2004.0,1,13.0,2010.0,"Jan,Apr,Jul,Oct"
990,a,a,250.0,11.0,2008.0,1,5.0,2013.0,"Feb,May,Aug,Nov"
991,a,c,350.0,3.0,2012.0,1,10.0,2011.0,"Mar,Jun,Sept,Dec"
992,d,a,300.0,4.0,2014.0,1,14.0,2011.0,"Jan,Apr,Jul,Oct"
993,a,a,520.0,3.0,2005.0,1,13.0,2010.0,"Jan,Apr,Jul,Oct"
994,a,a,1200.0,12.0,2008.0,1,40.0,2014.0,"Jan,Apr,Jul,Oct"
995,a,a,390.0,6.0,2009.0,1,27.0,2011.0,"Jan,Apr,Jul,Oct"
996,d,a,3910.0,11.0,2006.0,1,5.0,2013.0,"Feb,May,Aug,Nov"
997,a,a,17500.0,4.0,2001.0,1,37.0,2009.0,"Mar,Jun,Sept,Dec"
998,a,c,2840.0,6.0,2007.0,1,14.0,2011.0,"Jan,Apr,Jul,Oct"
999,d,a,1120.0,5.0,2007.0,1,31.0,2013.0,"Jan,Apr,Jul,Oct"
1000,c,a,3850.0,11.0,2005.0,1,14.0,2011.0,"Jan,Apr,Jul,Oct"
1001,a,a,220.0,2.0,2002.0,1,37.0,2009.0,"Jan,Apr,Jul,Oct"
1002,a,a,330.0,11.0,2008.0,1,18.0,2011.0,"Feb,May,Aug,Nov"
1003,d,a,2380.0,3.0,2013.0,1,40.0,2014.0,"Jan,Apr,Jul,Oct"
1004,c,a,450.0,4.0,2014.0,1,5.0,2013.0,"Feb,May,Aug,Nov"
1005,a,a,140.0,3.0,2008.0,1,13.0,2010.0,"Jan,Apr,Jul,Oct"
1006,d,a,10310.0,4.0,2003.0,1,37.0,2009.0,"Jan,Apr,Jul,Oct"
1007,a,a,180.0,3.0,2008.0,1,5.0,2013.0,"Feb,May,Aug,Nov"
1008,d,c,3290.0,12.0,2014.0,1,35.0,2012.0,"Mar,Jun,Sept,Dec"
1009,a,c,350.0,3.0,2011.0,1,22.0,2011.0,"Feb,May,Aug,Nov"
1010,d,a,2380.0,3.0,2010.0,1,40.0,2014.0,"Jan,Apr,Jul,Oct"
1011,a,a,460.0,3.0,2014.0,1,31.0,2013.0,"Feb,May,Aug,Nov"
1012,a,c,80.0,6.0,2005.0,1,10.0,2014.0,"Mar,Jun,Sept,Dec"
1013,a,a,650.0,3.0,2006.0,1,37.0,2009.0,"Jan,Apr,Jul,Oct"
1014,a,a,290.0,10.0,2011.0,1,13.0,2010.0,"Jan,Apr,Jul,Oct"
1015,d,c,9910.0,12.0,2010.0,1,9.0,2011.0,"Mar,Jun,Sept,Dec"
1016,a,a,1200.0,9.0,2008.0,1,40.0,2014.0,"Jan,Apr,Jul,Oct"
1017,a,a,480.0,4.0,2005.0,1,22.0,2011.0,"Jan,Apr,Jul,Oct"
1018,c,c,3700.0,6.0,2010.0,1,18.0,2010.0,"Feb,May,Aug,Nov"
1019,a,a,2890.0,2.0,2007.0,1,10.0,2014.0,"Mar,Jun,Sept,Dec"
1020,a,a,350.0,11.0,2006.0,1,5.0,2013.0,"Feb,May,Aug,Nov"
1021,d,a,8670.0,2.0,2002.0,1,14.0,2011.0,"Jan,Apr,Jul,Oct"
1022,a,c,4590.0,3.0,2000.0,1,40.0,2011.0,"Jan,Apr,Jul,Oct"
1023,c,a,290.0,9.0,2002.0,1,13.0,2010.0,"Jan,Apr,Jul,Oct"
1024,a,a,70.0,11.0,2001.0,1,5.0,2013.0,"Feb,May,Aug,Nov"
1025,a,a,3750.0,11.0,2001.0,1,35.0,2012.0,"Mar,Jun,Sept,Dec"
1026,d,a,3900.0,4.0,2005.0,1,37.0,2009.0,"Jan,Apr,Jul,Oct"
1027,d,c,970.0,3.0,2013.0,1,31.0,2013.0,"Feb,May,Aug,Nov"
1028,d,c,9910.0,12.0,2010.0,1,9.0,2011.0,"Mar,Jun,Sept,Dec"
1029,c,a,290.0,9.0,2006.0,1,5.0,2013.0,"Feb,May,Aug,Nov"
1030,a,a,650.0,10.0,2006.0,1,37.0,2009.0,"Jan,Apr,Jul,Oct"
1031,a,a,110.0,11.0,2012.0,1,35.0,2011.0,"Mar,Jun,Sept,Dec"
1032,a,a,1420.0,12.0,2007.0,1,10.0,2014.0,"Mar,Jun,Sept,Dec"
1033,a,a,40.0,8.0,2014.0,1,10.0,2014.0,"Mar,Jun,Sept,Dec"
1034,c,a,2460.0,4.0,2009.0,1,13.0,2010.0,"Jan,Apr,Jul,Oct"
1035,d,a,3140.0,7.0,2013.0,1,14.0,2011.0,"Jan,Apr,Jul,Oct"
1036,a,a,390.0,2.0,2013.0,1,40.0,2014.0,"Jan,Apr,Jul,Oct"
1037,d,c,18640.0,9.0,2013.0,1,10.0,2014.0,"Mar,Jun,Sept,Dec"
1038,a,a,330.0,11.0,2007.0,1,1.0,2012.0,"Mar,Jun,Sept,Dec"
1039,c,a,260.0,9.0,2012.0,1,14.0,2011.0,"Jan,Apr,Jul,Oct"
1040,c,a,470.0,3.0,2007.0,1,1.0,2012.0,"Jan,Apr,Jul,Oct"
1041,a,c,1060.0,5.0,2012.0,1,9.0,2011.0,"Feb,May,Aug,Nov"
1042,d,c,1860.0,9.0,2012.0,1,40.0,2012.0,"Jan,Apr,Jul,Oct"
1043,d,a,2110.0,11.0,1995.0,1,40.0,2014.0,"Jan,Apr,Jul,Oct"
1044,c,a,2460.0,6.0,2012.0,1,14.0,2011.0,"Jan,Apr,Jul,Oct"
1045,a,a,220.0,2.0,2002.0,1,37.0,2009.0,"Jan,Apr,Jul,Oct"
1046,d,a,8650.0,7.0,2013.0,1,10.0,2014.0,"Jan,Apr,Jul,Oct"
1047,a,a,520.0,3.0,2005.0,1,13.0,2010.0,"Jan,Apr,Jul,Oct"
1048,d,c,9790.0,2.0,2008.0,1,37.0,2009.0,"Jan,Apr,Jul,Oct"
1049,a,a,330.0,11.0,2008.0,1,5.0,2013.0,"Feb,May,Aug,Nov"
1050,a,a,1200.0,10.0,2014.0,1,31.0,2013.0,"Jan,Apr,Jul,Oct"
1051,a,a,4140.0,9.0,2012.0,1,18.0,2011.0,"Feb,May,Aug,Nov"
1052,a,a,460.0,3.0,2014.0,1,13.0,2010.0,"Jan,Apr,Jul,Oct"
1053,c,a,3850.0,11.0,2005.0,1,14.0,2011.0,"Jan,Apr,Jul,Oct"
1054,c,a,3850.0,11.0,2005.0,1,14.0,2011.0,"Jan,Apr,Jul,Oct"
1055,d,c,2770.0,9.0,2012.0,1,40.0,2012.0,"Jan,Apr,Jul,Oct"
1056,a,a,650.0,10.0,2006.0,1,31.0,2013.0,"Feb,May,Aug,Nov"
1057,d,c,2770.0,3.0,2008.0,1,40.0,2014.0,"Jan,Apr,Jul,Oct"
1058,d,c,5540.0,10.0,2009.0,1,18.0,2011.0,"Feb,May,Aug,Nov"
1059,a,a,3750.0,11.0,2001.0,1,35.0,2010.0,"Mar,Jun,Sept,Dec"
1060,a,a,290.0,9.0,2002.0,1,13.0,2010.0,"Jan,Apr,Jul,Oct"
1061,a,a,540.0,2.0,2011.0,1,14.0,2011.0,"Jan,Apr,Jul,Oct"
1062,c,a,14810.0,6.0,2014.0,1,14.0,2011.0,"Mar,Jun,Sept,Dec"
1063,a,a,2090.0,12.0,2012.0,1,40.0,2014.0,"Jan,Apr,Jul,Oct"
1064,a,c,120.0,4.0,2009.0,1,37.0,2009.0,"Jan,Apr,Jul,Oct"
1065,a,a,290.0,9.0,2008.0,1,13.0,2010.0,"Jan,Apr,Jul,Oct"
1066,a,a,290.0,9.0,2008.0,1,13.0,2010.0,"Jan,Apr,Jul,Oct"
1067,c,a,190.0,9.0,2012.0,1,40.0,2012.0,"Feb,May,Aug,Nov"
1068,d,c,2770.0,3.0,2008.0,1,40.0,2014.0,"Jan,Apr,Jul,Oct"
1069,a,a,460.0,3.0,2014.0,1,13.0,2010.0,"Jan,Apr,Jul,Oct"
1070,c,c,550.0,12.0,2013.0,1,40.0,2014.0,"Jan,Apr,Jul,Oct"
1071,a,a,110.0,11.0,2012.0,1,40.0,2014.0,"Jan,Apr,Jul,Oct"
1072,a,a,290.0,9.0,2002.0,1,13.0,2010.0,"Jan,Apr,Jul,Oct"
1073,a,a,3440.0,6.0,2014.0,1,31.0,2013.0,"Feb,May,Aug,Nov"
1074,a,a,340.0,6.0,2007.0,1,35.0,2010.0,"Mar,Jun,Sept,Dec"
1075,a,a,250.0,6.0,2001.0,1,13.0,2010.0,"Jan,Apr,Jul,Oct"
1076,a,c,370.0,7.0,2012.0,1,14.0,2011.0,"Jan,Apr,Jul,Oct"
1077,a,a,1070.0,5.0,2009.0,1,13.0,2010.0,"Jan,Apr,Jul,Oct"
1078,d,c,15140.0,12.0,2006.0,1,37.0,2009.0,"Jan,Apr,Jul,Oct"
1079,a,a,1070.0,5.0,2015.0,1,13.0,2010.0,"Jan,Apr,Jul,Oct"
1080,b,a,3200.0,6.0,2008.0,1,22.0,2012.0,"Mar,Jun,Sept,Dec"
1081,a,c,2310.0,9.0,2011.0,1,13.0,2010.0,"Jan,Apr,Jul,Oct"
1082,d,c,1090.0,8.0,2007.0,1,1.0,2014.0,"Jan,Apr,Jul,Oct"
1083,a,a,650.0,10.0,2006.0,1,31.0,2013.0,"Feb,May,Aug,Nov"
1084,d,c,15140.0,2.0,2002.0,1,37.0,2009.0,"Jan,Apr,Jul,Oct"
1085,d,c,6620.0,3.0,2003.0,1,10.0,2014.0,"Mar,Jun,Sept,Dec"
1086,a,c,2310.0,9.0,2011.0,1,13.0,2010.0,"Jan,Apr,Jul,Oct"
1087,d,a,3900.0,4.0,2005.0,1,45.0,2009.0,"Feb,May,Aug,Nov"
1088,a,a,2890.0,10.0,2003.0,1,40.0,2014.0,"Jan,Apr,Jul,Oct"
1089,a,c,2840.0,6.0,2007.0,1,14.0,2011.0,"Jan,Apr,Jul,Oct"
1090,a,a,2890.0,10.0,2003.0,1,40.0,2014.0,"Jan,Apr,Jul,Oct"
1091,a,a,40.0,3.0,2014.0,1,1.0,2012.0,"Jan,Apr,Jul,Oct"
1092,c,c,550.0,7.0,1999.0,1,45.0,2009.0,"Jan,Apr,Jul,Oct"
1093,a,a,280.0,9.0,2008.0,1,37.0,2009.0,"Jan,Apr,Jul,Oct"
1094,a,c,460.0,11.0,2012.0,1,40.0,2014.0,"Jan,Apr,Jul,Oct"
1095,a,a,90.0,7.0,2010.0,1,31.0,2013.0,"Jan,Apr,Jul,Oct"
1096,a,a,1200.0,10.0,2014.0,1,31.0,2013.0,"Jan,Apr,Jul,Oct"
1097,a,c,460.0,3.0,2012.0,1,14.0,2011.0,"Jan,Apr,Jul,Oct"
1098,d,c,7660.0,10.0,2000.0,1,37.0,2009.0,"Jan,Apr,Jul,Oct"
1099,a,a,2640.0,5.0,2008.0,1,31.0,2013.0,"Feb,May,Aug,Nov"
1100,c,c,710.0,9.0,2005.0,1,1.0,2012.0,"Jan,Apr,Jul,Oct"
1101,a,a,70.0,7.0,2005.0,1,13.0,2010.0,"Jan,Apr,Jul,Oct"
1102,a,a,1200.0,10.0,2014.0,1,31.0,2013.0,"Jan,Apr,Jul,Oct"
1103,a,a,340.0,10.0,2000.0,1,31.0,2013.0,"Feb,May,Aug,Nov"
1104,d,a,2380.0,3.0,2010.0,1,40.0,2014.0,"Jan,Apr,Jul,Oct"
1105,a,a,520.0,9.0,2005.0,1,13.0,2010.0,"Jan,Apr,Jul,Oct"
1106,a,a,180.0,3.0,2008.0,1,18.0,2011.0,"Feb,May,Aug,Nov"
1107,d,a,1120.0,5.0,2007.0,1,31.0,2013.0,"Jan,Apr,Jul,Oct"
1108,a,a,1420.0,10.0,2012.0,1,40.0,2014.0,"Jan,Apr,Jul,Oct"
1109,a,a,330.0,3.0,2008.0,1,1.0,2012.0,"Mar,Jun,Sept,Dec"
1110,a,a,70.0,11.0,2013.0,1,22.0,2012.0,"Mar,Jun,Sept,Dec"
1111,d,a,2380.0,3.0,2013.0,1,40.0,2014.0,"Jan,Apr,Jul,Oct"
1112,a,a,350.0,5.0,2007.0,1,31.0,2013.0,"Feb,May,Aug,Nov"
1113,d,a,510.0,7.0,2014.0,1,23.0,2015.0,"Mar,Jun,Sept,Dec"
1114,d,c,3840.0,10.0,2008.0,1,39.0,2010.0,"Feb,May,Aug,Nov"
